date,t,up,up_pred,price
2009-08-28,6200,0,1,9544.200195
2009-08-31,6201,1,1,9496.280273
2009-09-01,6202,1,1,9310.599609
2009-09-02,6203,1,1,9280.669922
2009-09-03,6204,1,1,9344.610352
2009-09-04,6205,1,0,9441.269531
2009-09-08,6206,1,0,9497.339844
2009-09-09,6207,1,0,9547.219727
2009-09-10,6208,1,0,9627.480469
2009-09-11,6209,1,1,9605.410156
2009-09-14,6210,1,1,9626.799805
2009-09-15,6211,1,1,9683.410156
2009-09-16,6212,0,1,9791.709961
2009-09-17,6213,0,1,9783.919922
2009-09-18,6214,0,1,9820.200195
2009-09-21,6215,1,1,9778.860352
2009-09-22,6216,0,1,9829.870117
2009-09-23,6217,0,1,9748.549805
2009-09-24,6218,0,0,9707.44043
2009-09-25,6219,0,1,9665.19043
2009-09-28,6220,0,1,9789.360352
2009-09-29,6221,0,0,9742.200195
2009-09-30,6222,1,0,9712.280273
2009-10-01,6223,1,1,9509.280273
2009-10-02,6224,1,1,9487.669922
2009-10-05,6225,1,1,9599.75
2009-10-06,6226,1,1,9731.25
2009-10-07,6227,1,1,9725.580078
2009-10-08,6228,1,0,9786.870117
2009-10-09,6229,1,0,9864.94043
2009-10-12,6230,1,1,9885.799805
2009-10-13,6231,1,1,9871.05957
2009-10-14,6232,0,1,10015.860352
2009-10-15,6233,1,1,10062.94043
2009-10-16,6234,0,1,9995.910156
2009-10-19,6235,0,1,10092.19043
2009-10-20,6236,0,1,10041.480469
2009-10-21,6237,0,1,9949.360352
2009-10-22,6238,0,1,10081.30957
2009-10-23,6239,0,0,9972.179688
2009-10-26,6240,0,0,9867.959961
2009-10-27,6241,0,1,9882.169922
2009-10-28,6242,1,1,9762.69043
2009-10-29,6243,1,0,9962.580078
2009-10-30,6244,1,1,9712.730469
2009-11-02,6245,1,1,9789.44043
2009-11-03,6246,1,1,9771.910156
2009-11-04,6247,1,0,9802.139648
2009-11-05,6248,1,0,10005.959961
2009-11-06,6249,1,1,10023.419922
2009-11-09,6250,1,1,10226.94043
2009-11-10,6251,1,0,10246.969727
2009-11-11,6252,1,1,10291.259766
2009-11-12,6253,1,1,10197.469727
2009-11-13,6254,1,1,10270.469727
2009-11-16,6255,1,1,10406.959961
2009-11-17,6256,0,0,10437.419922
2009-11-18,6257,1,1,10426.30957
2009-11-19,6258,0,1,10332.44043
2009-11-20,6259,1,0,10318.160156
2009-11-23,6260,1,0,10450.950195
2009-11-24,6261,1,0,10433.709961
2009-11-25,6262,0,0,10464.400391
2009-11-27,6263,1,0,10309.919922
2009-11-30,6264,1,1,10344.839844
2009-12-01,6265,0,0,10471.580078
2009-12-02,6266,0,1,10452.679688
2009-12-03,6267,1,1,10366.150391
2009-12-04,6268,1,0,10388.900391
2009-12-07,6269,1,1,10390.110352
2009-12-08,6270,1,1,10285.969727
2009-12-09,6271,1,1,10337.049805
2009-12-10,6272,0,0,10405.830078
2009-12-11,6273,0,1,10471.5
2009-12-14,6274,0,0,10501.049805
2009-12-15,6275,1,1,10452.0
2009-12-16,6276,1,0,10441.120117
2009-12-17,6277,1,1,10308.259766
2009-12-18,6278,1,1,10328.889648
2009-12-21,6279,1,1,10414.139648
2009-12-22,6280,1,1,10464.929688
2009-12-23,6281,0,1,10466.44043
2009-12-24,6282,1,1,10520.089844
2009-12-28,6283,1,1,10547.080078
2009-12-29,6284,1,1,10545.410156
2009-12-30,6285,1,1,10548.509766
2009-12-31,6286,1,1,10428.049805
2010-01-04,6287,1,1,10583.959961
2010-01-05,6288,1,1,10572.019531
2010-01-06,6289,1,1,10573.679688
2010-01-07,6290,1,1,10606.860352
2010-01-08,6291,0,1,10618.19043
2010-01-11,6292,1,1,10663.990234
2010-01-12,6293,0,1,10627.259766
2010-01-13,6294,0,1,10680.769531
2010-01-14,6295,0,1,10710.549805
2010-01-15,6296,0,1,10609.650391
2010-01-19,6297,0,1,10725.429688
2010-01-20,6298,0,1,10603.150391
2010-01-21,6299,0,0,10389.879883
2010-01-22,6300,0,1,10172.980469
2010-01-25,6301,0,1,10196.860352
2010-01-26,6302,1,0,10194.290039
2010-01-27,6303,1,0,10236.160156
2010-01-28,6304,0,0,10120.459961
2010-01-29,6305,0,0,10067.330078
2010-02-01,6306,0,0,10185.530273
2010-02-02,6307,0,0,10296.849609
2010-02-03,6308,0,0,10270.549805
2010-02-04,6309,1,0,10002.179688
2010-02-05,6310,1,1,10012.230469
2010-02-08,6311,1,0,9908.389648
2010-02-09,6312,1,1,10058.639648
2010-02-10,6313,1,0,10038.379883
2010-02-11,6314,1,1,10144.19043
2010-02-12,6315,1,1,10099.139648
2010-02-16,6316,1,0,10268.80957
2010-02-17,6317,1,0,10309.240234
2010-02-18,6318,0,1,10392.900391
2010-02-19,6319,0,1,10402.349609
2010-02-22,6320,1,1,10383.379883
2010-02-23,6321,1,1,10282.410156
2010-02-24,6322,1,1,10374.160156
2010-02-25,6323,1,1,10321.030273
2010-02-26,6324,1,1,10325.259766
2010-03-01,6325,1,1,10403.790039
2010-03-02,6326,1,0,10405.980469
2010-03-03,6327,1,0,10396.759766
2010-03-04,6328,1,1,10444.139648
2010-03-05,6329,1,1,10566.200195
2010-03-08,6330,1,1,10552.519531
2010-03-09,6331,1,1,10564.379883
2010-03-10,6332,1,1,10567.330078
2010-03-11,6333,1,1,10611.839844
2010-03-12,6334,1,0,10624.69043
2010-03-15,6335,1,0,10642.150391
2010-03-16,6336,1,1,10685.980469
2010-03-17,6337,1,1,10733.669922
2010-03-18,6338,1,0,10779.169922
2010-03-19,6339,1,1,10741.980469
2010-03-22,6340,1,1,10785.889648
2010-03-23,6341,1,0,10888.830078
2010-03-24,6342,1,1,10836.150391
2010-03-25,6343,1,1,10841.209961
2010-03-26,6344,1,0,10850.360352
2010-03-29,6345,1,1,10895.860352
2010-03-30,6346,0,0,10907.419922
2010-03-31,6347,1,0,10856.629883
2010-04-01,6348,1,1,10927.070313
2010-04-05,6349,1,1,10973.549805
2010-04-06,6350,1,0,10969.990234
2010-04-07,6351,1,0,10897.519531
2010-04-08,6352,1,1,10927.070313
2010-04-09,6353,1,1,10997.349609
2010-04-12,6354,1,1,11005.969727
2010-04-13,6355,1,1,11019.419922
2010-04-14,6356,1,0,11123.110352
2010-04-15,6357,0,0,11144.570313
2010-04-16,6358,1,0,11018.660156
2010-04-19,6359,1,1,11092.049805
2010-04-20,6360,0,1,11117.05957
2010-04-21,6361,0,1,11124.919922
2010-04-22,6362,1,0,11134.290039
2010-04-23,6363,0,1,11204.280273
2010-04-26,6364,0,1,11205.030273
2010-04-27,6365,0,1,10991.990234
2010-04-28,6366,0,1,11045.269531
2010-04-29,6367,0,1,11167.320313
2010-04-30,6368,0,1,11008.610352
2010-05-03,6369,0,0,11151.830078
2010-05-04,6370,0,1,10926.769531
2010-05-05,6371,1,1,10866.830078
2010-05-06,6372,1,1,10520.320313
2010-05-07,6373,1,1,10380.429688
2010-05-10,6374,0,1,10785.139648
2010-05-11,6375,0,0,10748.259766
2010-05-12,6376,0,0,10896.910156
2010-05-13,6377,0,0,10782.950195
2010-05-14,6378,0,0,10620.160156
2010-05-17,6379,0,0,10625.830078
2010-05-18,6380,0,0,10510.950195
2010-05-19,6381,0,1,10444.370117
2010-05-20,6382,1,0,10068.009766
2010-05-21,6383,0,1,10193.389648
2010-05-24,6384,0,0,10066.570313
2010-05-25,6385,1,0,10043.75
2010-05-26,6386,1,1,9974.450195
2010-05-27,6387,0,0,10258.990234
2010-05-28,6388,0,0,10136.629883
2010-06-01,6389,0,0,10024.019531
2010-06-02,6390,0,0,10249.540039
2010-06-03,6391,0,0,10255.280273
2010-06-04,6392,1,1,9931.969727
2010-06-07,6393,1,1,9816.490234
2010-06-08,6394,1,1,9939.980469
2010-06-09,6395,1,1,9899.25
2010-06-10,6396,1,1,10172.530273
2010-06-11,6397,1,1,10211.070313
2010-06-14,6398,1,1,10190.889648
2010-06-15,6399,0,1,10404.769531
2010-06-16,6400,0,1,10409.459961
2010-06-17,6401,0,1,10434.169922
2010-06-18,6402,0,1,10450.639648
2010-06-21,6403,0,1,10442.410156
2010-06-22,6404,0,1,10293.519531
2010-06-23,6405,0,0,10298.44043
2010-06-24,6406,0,1,10152.799805
2010-06-25,6407,0,0,10143.80957
2010-06-28,6408,0,0,10138.519531
2010-06-29,6409,1,0,9870.299805
2010-06-30,6410,1,0,9774.019531
2010-07-01,6411,1,1,9732.530273
2010-07-02,6412,1,0,9686.480469
2010-07-06,6413,1,0,9743.620117
2010-07-07,6414,1,0,10018.280273
2010-07-08,6415,1,0,10138.990234
2010-07-09,6416,0,0,10198.030273
2010-07-12,6417,0,0,10216.269531
2010-07-13,6418,0,0,10363.019531
2010-07-14,6419,0,0,10366.719727
2010-07-15,6420,0,0,10359.30957
2010-07-16,6421,1,1,10097.900391
2010-07-19,6422,1,1,10154.429688
2010-07-20,6423,1,1,10229.959961
2010-07-21,6424,1,1,10120.530273
2010-07-22,6425,1,1,10322.299805
2010-07-23,6426,1,1,10424.620117
2010-07-26,6427,1,0,10525.429688
2010-07-27,6428,1,1,10537.69043
2010-07-28,6429,1,1,10497.879883
2010-07-29,6430,1,1,10467.160156
2010-07-30,6431,1,1,10465.94043
2010-08-02,6432,1,1,10674.379883
2010-08-03,6433,1,1,10636.379883
2010-08-04,6434,0,1,10680.429688
2010-08-05,6435,0,0,10674.980469
2010-08-06,6436,0,0,10653.55957
2010-08-09,6437,0,0,10698.75
2010-08-10,6438,0,1,10644.25
2010-08-11,6439,1,1,10378.830078
2010-08-12,6440,0,1,10319.950195
2010-08-13,6441,0,1,10303.150391
2010-08-16,6442,0,1,10302.009766
2010-08-17,6443,0,1,10405.849609
2010-08-18,6444,0,1,10415.540039
2010-08-19,6445,0,1,10271.209961
2010-08-20,6446,0,1,10213.620117
2010-08-23,6447,0,1,10174.410156
2010-08-24,6448,0,0,10040.450195
2010-08-25,6449,1,1,10060.05957
2010-08-26,6450,1,1,9985.80957
2010-08-27,6451,1,1,10150.650391
2010-08-30,6452,1,0,10009.730469
2010-08-31,6453,1,0,10014.719727
2010-09-01,6454,1,0,10269.469727
2010-09-02,6455,1,0,10320.099609
2010-09-03,6456,1,0,10447.929688
2010-09-07,6457,1,0,10340.69043
2010-09-08,6458,1,1,10387.009766
2010-09-09,6459,1,1,10415.240234
2010-09-10,6460,1,1,10462.769531
2010-09-13,6461,1,0,10544.129883
2010-09-14,6462,1,0,10526.490234
2010-09-15,6463,1,1,10572.730469
2010-09-16,6464,1,0,10594.830078
2010-09-17,6465,1,0,10607.849609
2010-09-20,6466,1,1,10753.620117
2010-09-21,6467,1,1,10761.030273
2010-09-22,6468,1,0,10739.30957
2010-09-23,6469,1,0,10662.419922
2010-09-24,6470,0,1,10860.259766
2010-09-27,6471,0,0,10812.040039
2010-09-28,6472,1,0,10858.139648
2010-09-29,6473,1,1,10835.280273
2010-09-30,6474,1,1,10788.049805
2010-10-01,6475,1,1,10829.679688
2010-10-04,6476,1,1,10751.269531
2010-10-05,6477,1,1,10944.719727
2010-10-06,6478,1,1,10967.650391
2010-10-07,6479,1,1,10948.580078
2010-10-08,6480,1,0,11006.480469
2010-10-11,6481,1,1,11010.339844
2010-10-12,6482,0,1,11020.400391
2010-10-13,6483,1,1,11096.080078
2010-10-14,6484,1,1,11094.570313
2010-10-15,6485,1,1,11062.780273
2010-10-18,6486,1,1,11143.69043
2010-10-19,6487,1,1,10978.620117
2010-10-20,6488,1,1,11107.969727
2010-10-21,6489,0,0,11146.570313
2010-10-22,6490,0,1,11132.55957
2010-10-25,6491,0,1,11164.049805
2010-10-26,6492,1,0,11169.459961
2010-10-27,6493,1,1,11126.280273
2010-10-28,6494,1,1,11113.950195
2010-10-29,6495,1,1,11118.490234
2010-11-01,6496,1,1,11124.620117
2010-11-02,6497,1,0,11188.719727
2010-11-03,6498,1,0,11215.129883
2010-11-04,6499,0,1,11434.839844
2010-11-05,6500,0,0,11444.080078
2010-11-08,6501,0,1,11406.839844
2010-11-09,6502,0,1,11346.75
2010-11-10,6503,0,1,11357.040039
2010-11-11,6504,0,1,11283.099609
2010-11-12,6505,1,1,11192.580078
2010-11-15,6506,0,1,11201.969727
2010-11-16,6507,1,1,11023.5
2010-11-17,6508,1,1,11007.879883
2010-11-18,6509,0,1,11181.230469
2010-11-19,6510,0,1,11203.549805
2010-11-22,6511,0,1,11178.580078
2010-11-23,6512,1,1,11036.370117
2010-11-24,6513,1,1,11187.280273
2010-11-26,6514,1,0,11091.870117
2010-11-29,6515,1,0,11052.490234
2010-11-30,6516,1,0,11006.019531
2010-12-01,6517,1,1,11255.780273
2010-12-02,6518,1,1,11362.410156
2010-12-03,6519,1,0,11382.089844
2010-12-06,6520,1,0,11362.19043
2010-12-07,6521,1,0,11359.160156
2010-12-08,6522,1,0,11372.480469
2010-12-09,6523,1,0,11370.05957
2010-12-10,6524,1,1,11410.320313
2010-12-13,6525,1,0,11428.55957
2010-12-14,6526,1,1,11476.540039
2010-12-15,6527,1,1,11457.469727
2010-12-16,6528,1,1,11499.25
2010-12-17,6529,1,1,11491.910156
2010-12-20,6530,1,1,11478.129883
2010-12-21,6531,1,1,11533.160156
2010-12-22,6532,1,1,11559.490234
2010-12-23,6533,1,0,11573.490234
2010-12-27,6534,1,0,11555.030273
2010-12-28,6535,1,0,11575.540039
2010-12-29,6536,1,1,11585.379883
2010-12-30,6537,1,0,11569.709961
2010-12-31,6538,1,0,11577.509766
2011-01-03,6539,0,1,11670.75
2011-01-04,6540,0,0,11691.179688
2011-01-05,6541,1,0,11722.889648
2011-01-06,6542,1,0,11697.30957
2011-01-07,6543,1,0,11674.759766
2011-01-10,6544,1,1,11637.450195
2011-01-11,6545,1,1,11671.879883
2011-01-12,6546,1,1,11755.44043
2011-01-13,6547,1,0,11731.900391
2011-01-14,6548,1,1,11787.379883
2011-01-18,6549,1,1,11837.929688
2011-01-19,6550,1,0,11825.290039
2011-01-20,6551,1,0,11822.799805
2011-01-21,6552,0,1,11871.839844
2011-01-24,6553,0,1,11980.519531
2011-01-25,6554,1,1,11977.19043
2011-01-26,6555,1,1,11985.44043
2011-01-27,6556,1,1,11989.830078
2011-01-28,6557,1,1,11823.700195
2011-01-31,6558,1,1,11891.929688
2011-02-01,6559,1,1,12040.160156
2011-02-02,6560,1,0,12041.969727
2011-02-03,6561,1,1,12062.259766
2011-02-04,6562,1,1,12092.150391
2011-02-07,6563,1,0,12161.629883
2011-02-08,6564,0,1,12233.150391
2011-02-09,6565,1,1,12239.889648
2011-02-10,6566,1,1,12229.290039
2011-02-11,6567,1,1,12273.259766
2011-02-14,6568,0,1,12268.19043
2011-02-15,6569,0,1,12226.639648
2011-02-16,6570,0,1,12288.169922
2011-02-17,6571,0,1,12318.139648
2011-02-18,6572,0,0,12391.25
2011-02-22,6573,0,0,12212.790039
2011-02-23,6574,0,1,12105.780273
2011-02-24,6575,1,1,12068.5
2011-02-25,6576,1,1,12130.450195
2011-02-28,6577,0,1,12226.339844
2011-03-01,6578,1,1,12058.019531
2011-03-02,6579,1,1,12066.799805
2011-03-03,6580,0,1,12258.200195
2011-03-04,6581,0,0,12169.879883
2011-03-07,6582,0,0,12090.030273
2011-03-08,6583,0,1,12214.379883
2011-03-09,6584,0,0,12213.089844
2011-03-10,6585,0,1,11984.610352
2011-03-11,6586,0,1,12044.400391
2011-03-14,6587,1,1,11993.160156
2011-03-15,6588,1,1,11855.419922
2011-03-16,6589,1,1,11613.299805
2011-03-17,6590,1,0,11774.589844
2011-03-18,6591,1,0,11858.519531
2011-03-21,6592,1,0,12036.530273
2011-03-22,6593,1,0,12018.629883
2011-03-23,6594,1,0,12086.019531
2011-03-24,6595,1,1,12170.55957
2011-03-25,6596,1,1,12220.589844
2011-03-28,6597,1,1,12197.879883
2011-03-29,6598,1,0,12279.009766
2011-03-30,6599,1,1,12350.610352
2011-03-31,6600,1,1,12319.730469
2011-04-01,6601,1,1,12376.719727
2011-04-04,6602,0,1,12400.030273
2011-04-05,6603,0,1,12393.900391
2011-04-06,6604,0,0,12426.75
2011-04-07,6605,0,0,12409.490234
2011-04-08,6606,0,0,12380.049805
2011-04-11,6607,0,1,12381.110352
2011-04-12,6608,1,1,12263.580078
2011-04-13,6609,1,1,12270.990234
2011-04-14,6610,1,1,12285.150391
2011-04-15,6611,1,1,12341.830078
2011-04-18,6612,1,0,12201.589844
2011-04-19,6613,1,0,12266.75
2011-04-20,6614,1,1,12453.540039
2011-04-21,6615,1,0,12505.990234
2011-04-25,6616,1,1,12479.879883
2011-04-26,6617,1,0,12595.370117
2011-04-27,6618,1,0,12690.959961
2011-04-28,6619,0,1,12763.30957
2011-04-29,6620,0,1,12810.540039
2011-05-02,6621,0,1,12807.360352
2011-05-03,6622,0,0,12807.509766
2011-05-04,6623,0,1,12723.580078
2011-05-05,6624,1,1,12584.169922
2011-05-06,6625,0,1,12638.740234
2011-05-09,6626,0,1,12684.679688
2011-05-10,6627,0,0,12760.360352
2011-05-11,6628,0,0,12630.030273
2011-05-12,6629,0,0,12695.919922
2011-05-13,6630,0,1,12595.75
2011-05-16,6631,0,1,12548.370117
2011-05-17,6632,0,1,12479.580078
2011-05-18,6633,0,1,12560.179688
2011-05-19,6634,0,0,12605.320313
2011-05-20,6635,0,0,12512.040039
2011-05-23,6636,1,0,12381.259766
2011-05-24,6637,0,1,12356.209961
2011-05-25,6638,0,0,12394.660156
2011-05-26,6639,0,0,12402.759766
2011-05-27,6640,0,0,12441.580078
2011-05-31,6641,0,1,12569.790039
2011-06-01,6642,0,0,12290.139648
2011-06-02,6643,0,1,12248.549805
2011-06-03,6644,0,1,12151.259766
2011-06-06,6645,0,0,12089.959961
2011-06-07,6646,1,0,12070.80957
2011-06-08,6647,0,1,12048.94043
2011-06-09,6648,0,0,12124.360352
2011-06-10,6649,1,1,11951.910156
2011-06-13,6650,1,1,11952.969727
2011-06-14,6651,1,1,12076.110352
2011-06-15,6652,1,0,11897.269531
2011-06-16,6653,1,0,11961.519531
2011-06-17,6654,0,0,12004.360352
2011-06-20,6655,0,1,12080.379883
2011-06-21,6656,0,1,12190.009766
2011-06-22,6657,1,1,12109.669922
2011-06-23,6658,1,1,12050.0
2011-06-24,6659,1,0,11934.580078
2011-06-27,6660,1,1,12043.55957
2011-06-28,6661,1,1,12188.69043
2011-06-29,6662,1,0,12261.419922
2011-06-30,6663,1,1,12414.339844
2011-07-01,6664,0,0,12582.769531
2011-07-05,6665,0,1,12569.870117
2011-07-06,6666,0,1,12626.019531
2011-07-07,6667,0,1,12719.490234
2011-07-08,6668,0,1,12657.200195
2011-07-11,6669,0,1,12505.759766
2011-07-12,6670,1,0,12446.879883
2011-07-13,6671,1,1,12491.610352
2011-07-14,6672,1,0,12437.120117
2011-07-15,6673,1,1,12479.730469
2011-07-18,6674,1,0,12385.160156
2011-07-19,6675,0,0,12587.419922
2011-07-20,6676,0,0,12571.910156
2011-07-21,6677,0,0,12724.410156
2011-07-22,6678,0,0,12681.160156
2011-07-25,6679,0,0,12592.799805
2011-07-26,6680,0,0,12501.299805
2011-07-27,6681,0,1,12302.549805
2011-07-28,6682,0,1,12240.110352
2011-07-29,6683,0,1,12143.240234
2011-08-01,6684,0,1,12132.490234
2011-08-02,6685,0,0,11866.620117
2011-08-03,6686,0,0,11896.44043
2011-08-04,6687,0,1,11383.679688
2011-08-05,6688,0,1,11444.610352
2011-08-08,6689,1,1,10809.849609
2011-08-09,6690,1,1,11239.769531
2011-08-10,6691,1,1,10719.94043
2011-08-11,6692,0,1,11143.30957
2011-08-12,6693,0,0,11269.019531
2011-08-15,6694,0,1,11482.900391
2011-08-16,6695,0,0,11405.929688
2011-08-17,6696,0,1,11410.209961
2011-08-18,6697,1,1,10990.580078
2011-08-19,6698,1,1,10817.650391
2011-08-22,6699,1,1,10854.650391
2011-08-23,6700,1,1,11176.759766
2011-08-24,6701,1,1,11320.709961
2011-08-25,6702,1,1,11149.820313
2011-08-26,6703,0,1,11284.540039
2011-08-29,6704,0,1,11539.25
2011-08-30,6705,0,1,11559.950195
2011-08-31,6706,0,1,11613.530273
2011-09-01,6707,0,1,11493.570313
2011-09-02,6708,0,0,11240.259766
2011-09-06,6709,0,1,11139.299805
2011-09-07,6710,0,1,11414.860352
2011-09-08,6711,1,1,11295.80957
2011-09-09,6712,1,1,10992.129883
2011-09-12,6713,1,0,11061.120117
2011-09-13,6714,1,0,11105.849609
2011-09-14,6715,0,1,11246.730469
2011-09-15,6716,0,1,11433.179688
2011-09-16,6717,0,0,11509.089844
2011-09-19,6718,0,0,11401.009766
2011-09-20,6719,0,1,11408.660156
2011-09-21,6720,0,0,11124.839844
2011-09-22,6721,1,0,10733.830078
2011-09-23,6722,1,0,10771.480469
2011-09-26,6723,0,0,11043.860352
2011-09-27,6724,0,1,11190.69043
2011-09-28,6725,0,0,11010.900391
2011-09-29,6726,0,0,11153.980469
2011-09-30,6727,1,1,10913.379883
2011-10-03,6728,1,1,10655.299805
2011-10-04,6729,1,1,10808.709961
2011-10-05,6730,1,1,10939.950195
2011-10-06,6731,1,0,11123.330078
2011-10-07,6732,1,0,11103.120117
2011-10-10,6733,0,0,11433.179688
2011-10-11,6734,1,0,11416.299805
2011-10-12,6735,0,0,11518.849609
2011-10-13,6736,1,0,11478.129883
2011-10-14,6737,1,0,11644.490234
2011-10-17,6738,1,0,11397.0
2011-10-18,6739,1,1,11577.049805
2011-10-19,6740,1,0,11504.620117
2011-10-20,6741,1,1,11541.780273
2011-10-21,6742,1,1,11808.790039
2011-10-24,6743,1,1,11913.620117
2011-10-25,6744,0,0,11706.620117
2011-10-26,6745,0,0,11869.040039
2011-10-27,6746,0,1,12208.549805
2011-10-28,6747,0,1,12231.110352
2011-10-31,6748,1,0,11955.009766
2011-11-01,6749,1,0,11657.959961
2011-11-02,6750,0,0,11836.040039
2011-11-03,6751,0,0,12044.469727
2011-11-04,6752,1,1,11983.240234
2011-11-07,6753,1,1,12068.389648
2011-11-08,6754,0,0,12170.179688
2011-11-09,6755,1,0,11780.94043
2011-11-10,6756,0,1,11893.860352
2011-11-11,6757,0,1,12153.679688
2011-11-14,6758,0,0,12078.980469
2011-11-15,6759,0,0,12096.160156
2011-11-16,6760,0,0,11905.589844
2011-11-17,6761,0,1,11770.730469
2011-11-18,6762,0,1,11796.160156
2011-11-21,6763,1,1,11547.30957
2011-11-22,6764,1,1,11493.719727
2011-11-23,6765,1,1,11257.549805
2011-11-25,6766,1,0,11231.650391
2011-11-28,6767,1,0,11523.009766
2011-11-29,6768,1,0,11555.629883
2011-11-30,6769,1,1,12045.679688
2011-12-01,6770,0,0,12020.030273
2011-12-02,6771,1,0,12019.419922
2011-12-05,6772,0,0,12097.830078
2011-12-06,6773,0,1,12150.129883
2011-12-07,6774,0,0,12196.370117
2011-12-08,6775,0,0,11997.700195
2011-12-09,6776,0,1,12184.259766
2011-12-12,6777,0,0,12021.389648
2011-12-13,6778,1,0,11954.94043
2011-12-14,6779,1,1,11823.480469
2011-12-15,6780,1,1,11868.80957
2011-12-16,6781,1,0,11866.389648
2011-12-19,6782,1,1,11766.259766
2011-12-20,6783,1,0,12103.580078
2011-12-21,6784,1,1,12107.740234
2011-12-22,6785,1,0,12169.650391
2011-12-23,6786,1,0,12294.0
2011-12-27,6787,1,0,12291.349609
2011-12-28,6788,1,0,12151.410156
2011-12-29,6789,1,1,12287.040039
2011-12-30,6790,1,1,12217.55957
2012-01-03,6791,1,1,12397.379883
2012-01-04,6792,1,1,12418.419922
2012-01-05,6793,1,1,12415.700195
2012-01-06,6794,1,0,12359.919922
2012-01-09,6795,1,0,12392.69043
2012-01-10,6796,1,0,12462.469727
2012-01-11,6797,1,0,12449.450195
2012-01-12,6798,1,1,12471.019531
2012-01-13,6799,1,1,12422.05957
2012-01-17,6800,1,1,12482.070313
2012-01-18,6801,1,0,12578.950195
2012-01-19,6802,1,0,12623.980469
2012-01-20,6803,0,1,12720.480469
2012-01-23,6804,0,0,12708.820313
2012-01-24,6805,0,0,12675.75
2012-01-25,6806,0,1,12758.849609
2012-01-26,6807,0,1,12734.629883
2012-01-27,6808,1,1,12660.459961
2012-01-30,6809,1,1,12653.719727
2012-01-31,6810,1,1,12632.910156
2012-02-01,6811,1,1,12716.459961
2012-02-02,6812,1,1,12705.410156
2012-02-03,6813,0,1,12862.230469
2012-02-06,6814,1,1,12845.129883
2012-02-07,6815,1,1,12878.200195
2012-02-08,6816,0,0,12883.950195
2012-02-09,6817,1,0,12890.459961
2012-02-10,6818,1,1,12801.230469
2012-02-13,6819,1,1,12874.040039
2012-02-14,6820,1,1,12878.280273
2012-02-15,6821,1,1,12780.950195
2012-02-16,6822,1,1,12904.080078
2012-02-17,6823,1,0,12949.870117
2012-02-21,6824,1,1,12965.69043
2012-02-22,6825,1,1,12938.669922
2012-02-23,6826,0,1,12984.69043
2012-02-24,6827,0,1,12982.950195
2012-02-27,6828,0,1,12981.509766
2012-02-28,6829,0,1,13005.120117
2012-02-29,6830,0,1,12952.070313
2012-03-01,6831,0,1,12980.299805
2012-03-02,6832,0,1,12977.570313
2012-03-05,6833,0,1,12962.80957
2012-03-06,6834,1,1,12759.150391
2012-03-07,6835,1,1,12837.330078
2012-03-08,6836,1,1,12907.94043
2012-03-09,6837,1,1,12922.019531
2012-03-12,6838,1,0,12959.709961
2012-03-13,6839,0,0,13177.679688
2012-03-14,6840,0,0,13194.099609
2012-03-15,6841,0,1,13252.759766
2012-03-16,6842,0,1,13232.620117
2012-03-19,6843,1,1,13239.129883
2012-03-20,6844,1,1,13170.19043
2012-03-21,6845,1,1,13124.620117
2012-03-22,6846,1,1,13046.139648
2012-03-23,6847,1,1,13080.730469
2012-03-26,6848,1,1,13241.629883
2012-03-27,6849,1,0,13197.730469
2012-03-28,6850,0,1,13126.209961
2012-03-29,6851,0,1,13145.820313
2012-03-30,6852,0,1,13212.040039
2012-04-02,6853,0,1,13264.490234
2012-04-03,6854,0,1,13199.549805
2012-04-04,6855,0,1,13074.75
2012-04-05,6856,0,1,13060.139648
2012-04-09,6857,0,1,12929.589844
2012-04-10,6858,1,1,12715.929688
2012-04-11,6859,1,1,12805.389648
2012-04-12,6860,0,0,12986.580078
2012-04-13,6861,1,0,12849.589844
2012-04-16,6862,1,0,12921.410156
2012-04-17,6863,0,1,13115.540039
2012-04-18,6864,1,0,13032.75
2012-04-19,6865,1,0,12964.099609
2012-04-20,6866,1,0,13029.259766
2012-04-23,6867,1,1,12927.169922
2012-04-24,6868,1,1,13001.55957
2012-04-25,6869,1,1,13090.719727
2012-04-26,6870,1,1,13204.620117
2012-04-27,6871,0,1,13228.30957
2012-04-30,6872,0,1,13213.629883
2012-05-01,6873,0,1,13279.320313
2012-05-02,6874,0,1,13268.570313
2012-05-03,6875,0,1,13206.589844
2012-05-04,6876,0,1,13038.269531
2012-05-07,6877,0,1,13008.530273
2012-05-08,6878,0,1,12932.089844
2012-05-09,6879,0,1,12835.05957
2012-05-10,6880,0,1,12855.040039
2012-05-11,6881,0,1,12820.599609
2012-05-14,6882,0,1,12695.349609
2012-05-15,6883,0,1,12632.0
2012-05-16,6884,0,1,12598.549805
2012-05-17,6885,1,1,12442.490234
2012-05-18,6886,1,1,12369.379883
2012-05-21,6887,1,1,12504.480469
2012-05-22,6888,0,0,12502.80957
2012-05-23,6889,0,0,12496.150391
2012-05-24,6890,0,0,12529.75
2012-05-25,6891,0,1,12454.830078
2012-05-29,6892,0,1,12580.69043
2012-05-30,6893,0,0,12419.860352
2012-05-31,6894,1,0,12393.450195
2012-06-01,6895,1,1,12118.570313
2012-06-04,6896,1,0,12101.459961
2012-06-05,6897,1,0,12127.950195
2012-06-06,6898,1,1,12414.790039
2012-06-07,6899,1,0,12460.959961
2012-06-08,6900,1,0,12554.200195
2012-06-11,6901,1,0,12411.230469
2012-06-12,6902,1,1,12573.799805
2012-06-13,6903,1,1,12496.379883
2012-06-14,6904,0,1,12651.910156
2012-06-15,6905,0,1,12767.169922
2012-06-18,6906,0,1,12741.820313
2012-06-19,6907,0,1,12837.330078
2012-06-20,6908,0,1,12824.389648
2012-06-21,6909,1,0,12573.570313
2012-06-22,6910,1,1,12640.780273
2012-06-25,6911,1,1,12502.660156
2012-06-26,6912,1,1,12534.669922
2012-06-27,6913,1,1,12627.009766
2012-06-28,6914,1,1,12602.259766
2012-06-29,6915,0,1,12880.089844
2012-07-02,6916,0,0,12871.389648
2012-07-03,6917,0,1,12943.660156
2012-07-05,6918,0,1,12896.669922
2012-07-06,6919,1,1,12772.469727
2012-07-09,6920,0,1,12736.290039
2012-07-10,6921,1,1,12653.120117
2012-07-11,6922,1,1,12604.530273
2012-07-12,6923,1,1,12573.269531
2012-07-13,6924,1,1,12777.089844
2012-07-16,6925,0,1,12727.209961
2012-07-17,6926,0,1,12805.540039
2012-07-18,6927,0,1,12908.700195
2012-07-19,6928,0,1,12943.360352
2012-07-20,6929,1,1,12822.570313
2012-07-23,6930,1,1,12721.459961
2012-07-24,6931,1,1,12617.320313
2012-07-25,6932,1,1,12676.049805
2012-07-26,6933,0,1,12887.929688
2012-07-27,6934,1,1,13075.660156
2012-07-30,6935,1,1,13073.009766
2012-07-31,6936,1,1,13008.679688
2012-08-01,6937,1,1,12976.129883
2012-08-02,6938,1,0,12878.879883
2012-08-03,6939,1,1,13096.169922
2012-08-06,6940,1,1,13117.509766
2012-08-07,6941,1,0,13168.599609
2012-08-08,6942,0,1,13175.639648
2012-08-09,6943,1,1,13165.19043
2012-08-10,6944,1,1,13207.950195
2012-08-13,6945,1,1,13169.429688
2012-08-14,6946,1,1,13172.139648
2012-08-15,6947,1,0,13164.780273
2012-08-16,6948,0,1,13250.110352
2012-08-17,6949,0,0,13275.200195
2012-08-20,6950,0,1,13271.639648
2012-08-21,6951,0,1,13203.580078
2012-08-22,6952,0,1,13172.759766
2012-08-23,6953,0,1,13057.459961
2012-08-24,6954,0,1,13157.969727
2012-08-27,6955,0,1,13124.669922
2012-08-28,6956,0,1,13102.990234
2012-08-29,6957,1,0,13107.480469
2012-08-30,6958,1,1,13000.709961
2012-08-31,6959,1,1,13090.839844
2012-09-04,6960,1,1,13035.94043
2012-09-05,6961,1,1,13047.480469
2012-09-06,6962,1,0,13292.0
2012-09-07,6963,1,1,13306.639648
2012-09-10,6964,1,1,13254.290039
2012-09-11,6965,1,1,13323.360352
2012-09-12,6966,1,1,13333.349609
2012-09-13,6967,1,1,13539.860352000002
2012-09-14,6968,0,0,13593.370116999999
2012-09-17,6969,1,0,13553.099609
2012-09-18,6970,0,0,13564.639647999998
2012-09-19,6971,0,1,13577.959961000002
2012-09-20,6972,0,1,13596.929688
2012-09-21,6973,0,1,13579.469727000002
2012-09-24,6974,0,1,13558.919922
2012-09-25,6975,1,1,13457.549805
2012-09-26,6976,1,1,13413.509766
2012-09-27,6977,1,1,13485.969727000002
2012-09-28,6978,1,1,13437.129883000001
2012-10-01,6979,1,1,13515.110352000002
2012-10-02,6980,0,1,13482.360352000002
2012-10-03,6981,0,1,13494.610352000002
2012-10-04,6982,0,0,13575.360352000002
2012-10-05,6983,0,0,13610.150391
2012-10-08,6984,0,0,13583.650391
2012-10-09,6985,1,0,13473.530272999998
2012-10-10,6986,1,0,13344.969727
2012-10-11,6987,1,1,13326.389648
2012-10-12,6988,1,1,13328.849609
2012-10-15,6989,0,1,13424.230469
2012-10-16,6990,0,0,13551.780272999998
2012-10-17,6991,0,1,13557.0
2012-10-18,6992,0,0,13548.94043
2012-10-19,6993,0,0,13343.509766
2012-10-22,6994,0,1,13345.889648
2012-10-23,6995,1,1,13102.530273
2012-10-24,6996,1,1,13077.339844
2012-10-25,6997,1,1,13103.679688
2012-10-26,6998,1,1,13107.209961
2012-10-31,6999,0,1,13096.459961
2012-11-01,7000,0,0,13232.620117
2012-11-02,7001,0,1,13093.160156
2012-11-05,7002,0,1,13112.44043
2012-11-06,7003,0,1,13245.679688
2012-11-07,7004,0,0,12932.730469
2012-11-08,7005,0,1,12811.320313
2012-11-09,7006,0,0,12815.389648
2012-11-12,7007,0,1,12815.080078
2012-11-13,7008,1,1,12756.179688
2012-11-14,7009,1,1,12570.950195
2012-11-15,7010,1,1,12542.379883
2012-11-16,7011,1,1,12588.30957
2012-11-19,7012,1,0,12795.959961
2012-11-20,7013,1,0,12788.509766
2012-11-21,7014,1,0,12836.889648
2012-11-23,7015,1,0,13009.530273
2012-11-26,7016,0,0,12967.370117
2012-11-27,7017,1,0,12878.129883
2012-11-28,7018,1,1,12985.110352
2012-11-29,7019,1,1,13021.820313
2012-11-30,7020,1,1,13025.580078
2012-12-03,7021,1,1,12965.599609
2012-12-04,7022,1,1,12951.780273
2012-12-05,7023,1,1,13034.490234
2012-12-06,7024,1,1,13074.040039
2012-12-07,7025,0,1,13155.129883
2012-12-10,7026,1,0,13169.879883
2012-12-11,7027,1,1,13248.44043
2012-12-12,7028,1,0,13245.450195
2012-12-13,7029,1,1,13170.719727
2012-12-14,7030,1,1,13135.009766
2012-12-17,7031,0,1,13235.389648
2012-12-18,7032,0,1,13350.959961
2012-12-19,7033,0,1,13251.969727
2012-12-20,7034,0,1,13311.719727
2012-12-21,7035,0,1,13190.839844
2012-12-24,7036,1,1,13138.929688
2012-12-26,7037,1,1,13114.589844
2012-12-27,7038,1,1,13096.30957
2012-12-28,7039,1,1,12938.110352
2012-12-31,7040,1,1,13104.139648
2013-01-02,7041,0,0,13412.549805
2013-01-03,7042,1,0,13391.360352
2013-01-04,7043,1,0,13435.209961000002
2013-01-07,7044,1,0,13384.290039
2013-01-08,7045,1,0,13328.849609
2013-01-09,7046,1,0,13390.509766
2013-01-10,7047,1,1,13471.219727000002
2013-01-11,7048,1,0,13488.429688
2013-01-14,7049,1,1,13507.320313
2013-01-15,7050,1,1,13534.889647999998
2013-01-16,7051,1,0,13511.230469
2013-01-17,7052,1,1,13596.019531
2013-01-18,7053,1,1,13649.700195
2013-01-22,7054,1,1,13712.209961000002
2013-01-23,7055,1,0,13779.330078
2013-01-24,7056,1,1,13825.330078
2013-01-25,7057,1,0,13895.980469
2013-01-28,7058,0,0,13881.929688
2013-01-29,7059,1,0,13954.419922
2013-01-30,7060,1,1,13910.419922
2013-01-31,7061,1,0,13860.580078
2013-02-01,7062,0,0,14009.790038999998
2013-02-04,7063,1,0,13880.080078
2013-02-05,7064,1,0,13979.299805
2013-02-06,7065,0,1,13986.519531
2013-02-07,7066,1,1,13944.049805
2013-02-08,7067,0,1,13992.969727000002
2013-02-11,7068,1,1,13971.240234
2013-02-12,7069,0,1,14018.700195
2013-02-13,7070,0,0,13982.910156
2013-02-14,7071,1,0,13973.389647999998
2013-02-15,7072,0,0,13981.759766
2013-02-19,7073,0,1,14035.669922
2013-02-20,7074,1,0,13927.540038999998
2013-02-21,7075,1,0,13880.620116999999
2013-02-22,7076,1,1,14000.570313
2013-02-25,7077,1,0,13784.169922
2013-02-26,7078,1,0,13900.129883000001
2013-02-27,7079,1,0,14075.370116999999
2013-02-28,7080,1,1,14054.490234
2013-03-01,7081,1,0,14089.660156
2013-03-04,7082,1,0,14127.820313
2013-03-05,7083,1,0,14253.769531
2013-03-06,7084,1,1,14296.240234
2013-03-07,7085,1,1,14329.490234
2013-03-08,7086,1,1,14397.070313
2013-03-11,7087,1,1,14447.290038999998
2013-03-12,7088,1,1,14450.05957
2013-03-13,7089,1,0,14455.280272999998
2013-03-14,7090,0,1,14539.139647999998
2013-03-15,7091,0,1,14514.110352000002
2013-03-18,7092,0,1,14452.05957
2013-03-19,7093,1,0,14455.820313
2013-03-20,7094,1,1,14511.730469
2013-03-21,7095,1,1,14421.490234
2013-03-22,7096,1,1,14512.030272999998
2013-03-25,7097,1,1,14447.75
2013-03-26,7098,0,0,14559.650391
2013-03-27,7099,1,0,14526.160156
2013-03-28,7100,0,0,14578.540038999998
2013-04-01,7101,1,0,14572.849609
2013-04-02,7102,1,0,14662.009766
2013-04-03,7103,1,0,14550.349609
2013-04-04,7104,1,0,14606.110352000002
2013-04-05,7105,1,1,14565.25
2013-04-08,7106,0,1,14613.480469
2013-04-09,7107,1,0,14673.459961000002
2013-04-10,7108,0,1,14802.240234
2013-04-11,7109,0,0,14865.139647999998
2013-04-12,7110,0,0,14865.05957
2013-04-15,7111,0,0,14599.200195
2013-04-16,7112,0,1,14756.780272999998
2013-04-17,7113,1,1,14618.589844
2013-04-18,7114,1,1,14537.139647999998
2013-04-19,7115,1,1,14547.509766
2013-04-22,7116,1,1,14567.169922
2013-04-23,7117,1,1,14719.459961000002
2013-04-24,7118,1,1,14676.299805
2013-04-25,7119,1,1,14700.799805
2013-04-26,7120,1,1,14712.549805
2013-04-29,7121,1,1,14818.75
2013-04-30,7122,1,1,14839.799805
2013-05-01,7123,1,1,14700.950195
2013-05-02,7124,1,1,14831.580078
2013-05-03,7125,1,1,14973.959961000002
2013-05-06,7126,1,1,14968.889647999998
2013-05-07,7127,1,1,15056.200195
2013-05-08,7128,1,0,15105.120116999999
2013-05-09,7129,1,0,15082.620116999999
2013-05-10,7130,1,1,15118.490234
2013-05-13,7131,1,1,15091.679688
2013-05-14,7132,1,0,15215.25
2013-05-15,7133,1,1,15275.69043
2013-05-16,7134,1,1,15233.219727000002
2013-05-17,7135,0,1,15354.400391
2013-05-20,7136,1,0,15335.280272999998
2013-05-21,7137,0,1,15387.580078
2013-05-22,7138,1,1,15307.169922
2013-05-23,7139,0,1,15294.5
2013-05-24,7140,0,1,15303.099609
2013-05-28,7141,0,1,15409.389647999998
2013-05-29,7142,0,0,15302.799805
2013-05-30,7143,0,0,15324.530272999998
2013-05-31,7144,1,0,15115.570313
2013-06-03,7145,0,1,15254.030272999998
2013-06-04,7146,0,1,15177.540038999998
2013-06-05,7147,1,1,14960.589844
2013-06-06,7148,1,1,15040.620116999999
2013-06-07,7149,0,1,15248.120116999999
2013-06-10,7150,0,0,15238.589844
2013-06-11,7151,1,0,15122.019531
2013-06-12,7152,1,1,14995.230469
2013-06-13,7153,0,1,15176.080078
2013-06-14,7154,0,0,15070.179688
2013-06-17,7155,0,1,15179.849609
2013-06-18,7156,0,0,15318.230469
2013-06-19,7157,0,1,15112.19043
2013-06-20,7158,1,1,14758.320313
2013-06-21,7159,1,1,14799.400391
2013-06-24,7160,1,1,14659.55957
2013-06-25,7161,1,0,14760.30957
2013-06-26,7162,1,0,14910.139647999998
2013-06-27,7163,1,0,15024.490234
2013-06-28,7164,1,1,14909.599609
2013-07-01,7165,1,0,14974.959961000002
2013-07-02,7166,1,0,14932.410156
2013-07-03,7167,1,0,14988.370116999999
2013-07-05,7168,1,1,15135.839844
2013-07-08,7169,1,1,15224.69043
2013-07-09,7170,1,1,15300.339844
2013-07-10,7171,1,1,15291.660156
2013-07-11,7172,1,1,15460.919922
2013-07-12,7173,1,1,15464.299805
2013-07-15,7174,1,1,15484.259766
2013-07-16,7175,1,1,15451.849609
2013-07-17,7176,1,0,15470.519531
2013-07-18,7177,1,1,15548.540038999998
2013-07-19,7178,1,1,15543.740234
2013-07-22,7179,0,1,15545.549805
2013-07-23,7180,0,0,15567.740234
2013-07-24,7181,0,0,15542.240234
2013-07-25,7182,1,1,15555.610352000002
2013-07-26,7183,1,0,15558.830078
2013-07-29,7184,1,1,15521.969727000002
2013-07-30,7185,0,0,15520.589844
2013-07-31,7186,0,0,15499.540038999998
2013-08-01,7187,0,0,15628.019531
2013-08-02,7188,0,1,15658.360352000002
2013-08-05,7189,0,0,15612.129883000001
2013-08-06,7190,0,0,15518.740234
2013-08-07,7191,0,1,15470.669922
2013-08-08,7192,0,1,15498.320313
2013-08-09,7193,0,1,15425.509766
2013-08-12,7194,0,0,15419.679688
2013-08-13,7195,0,1,15451.009766
2013-08-14,7196,0,1,15337.660156
2013-08-15,7197,0,1,15112.19043
2013-08-16,7198,0,1,15081.469727000002
2013-08-19,7199,0,0,15010.740234
2013-08-20,7200,0,0,15002.990234
2013-08-21,7201,0,1,14897.549805
2013-08-22,7202,0,0,14963.740234
2013-08-23,7203,0,1,15010.509766
2013-08-26,7204,0,1,14946.459961000002
2013-08-27,7205,1,1,14776.129883000001
2013-08-28,7206,1,1,14824.509766
2013-08-29,7207,1,0,14840.950195
2013-08-30,7208,1,0,14810.30957
2013-09-03,7209,1,1,14833.959961000002
2013-09-04,7210,1,1,14930.870116999999
2013-09-05,7211,1,1,14937.480469
2013-09-06,7212,1,1,14922.5
2013-09-09,7213,1,0,15063.120116999999
2013-09-10,7214,1,0,15191.05957
2013-09-11,7215,1,0,15326.599609
2013-09-12,7216,1,0,15300.639647999998
2013-09-13,7217,1,1,15376.05957
2013-09-16,7218,0,1,15494.780272999998
2013-09-17,7219,0,1,15529.730469
2013-09-18,7220,0,0,15676.94043
2013-09-19,7221,0,1,15636.549805
2013-09-20,7222,0,1,15451.089844
2013-09-23,7223,0,1,15401.379883000001
2013-09-24,7224,0,1,15334.589844
2013-09-25,7225,0,1,15273.259766
2013-09-26,7226,0,1,15328.299805
2013-09-27,7227,0,1,15258.240234
2013-09-30,7228,0,1,15129.669922
2013-10-01,7229,0,0,15191.700195
2013-10-02,7230,0,1,15133.139647999998
2013-10-03,7231,1,1,14996.480469
2013-10-04,7232,1,1,15072.580078
2013-10-07,7233,1,1,14936.240234
2013-10-08,7234,1,1,14776.530272999998
2013-10-09,7235,1,0,14802.980469
2013-10-10,7236,1,0,15126.070313
2013-10-11,7237,1,1,15237.110352000002
2013-10-14,7238,1,1,15301.259766
2013-10-15,7239,1,1,15168.009766
2013-10-16,7240,1,0,15373.830078
2013-10-17,7241,1,0,15371.650391
2013-10-18,7242,1,1,15399.650391
2013-10-21,7243,1,0,15392.200195
2013-10-22,7244,1,0,15467.660156
2013-10-23,7245,1,1,15413.330078
2013-10-24,7246,1,1,15509.209961000002
2013-10-25,7247,1,1,15570.280272999998
2013-10-28,7248,1,1,15568.929688
2013-10-29,7249,0,0,15680.349609
2013-10-30,7250,1,0,15618.759766
2013-10-31,7251,1,1,15545.75
2013-11-01,7252,1,1,15615.549805
2013-11-04,7253,1,1,15639.120116999999
2013-11-05,7254,1,0,15618.219727000002
2013-11-06,7255,1,1,15746.879883000001
2013-11-07,7256,1,1,15593.980469
2013-11-08,7257,1,1,15761.780272999998
2013-11-11,7258,1,0,15783.099609
2013-11-12,7259,1,0,15750.669922
2013-11-13,7260,1,0,15821.629883000001
2013-11-14,7261,1,1,15876.219727000002
2013-11-15,7262,1,0,15961.700195
2013-11-18,7263,1,0,15976.019531
2013-11-19,7264,1,0,15967.030272999998
2013-11-20,7265,1,1,15900.820313
2013-11-21,7266,1,1,16009.990234
2013-11-22,7267,0,0,16064.769531
2013-11-25,7268,0,0,16072.540038999998
2013-11-26,7269,0,0,16072.799805
2013-11-27,7270,0,1,16097.330078
2013-11-29,7271,0,1,16086.410156
2013-12-02,7272,1,1,16008.769531
2013-12-03,7273,1,1,15914.620116999999
2013-12-04,7274,0,1,15889.769531
2013-12-05,7275,0,1,15821.509766
2013-12-06,7276,0,0,16020.200195
2013-12-09,7277,0,0,16025.530272999998
2013-12-10,7278,0,0,15973.129883000001
2013-12-11,7279,1,1,15843.530272999998
2013-12-12,7280,1,1,15739.429688
2013-12-13,7281,1,0,15755.360352000002
2013-12-16,7282,1,1,15884.570313
2013-12-17,7283,1,1,15875.259766
2013-12-18,7284,1,0,16167.969727000002
2013-12-19,7285,1,0,16179.080078
2013-12-20,7286,1,1,16221.139647999998
2013-12-23,7287,1,1,16294.610352000002
2013-12-24,7288,1,1,16357.549805
2013-12-26,7289,0,1,16479.880859
2013-12-27,7290,0,1,16478.410156
2013-12-30,7291,1,1,16504.289063
2013-12-31,7292,0,1,16576.660156
2014-01-02,7293,1,1,16441.349609
2014-01-03,7294,0,1,16469.990234
2014-01-06,7295,0,1,16425.099609
2014-01-07,7296,0,1,16530.939453
2014-01-08,7297,1,1,16462.740234
2014-01-09,7298,0,0,16444.759766
2014-01-10,7299,1,0,16437.050781
2014-01-13,7300,1,1,16257.94043
2014-01-14,7301,0,1,16373.860352000002
2014-01-15,7302,0,1,16481.939453
2014-01-16,7303,0,1,16417.009766
2014-01-17,7304,0,0,16458.560547
2014-01-21,7305,0,1,16414.439453
2014-01-22,7306,0,1,16373.339844
2014-01-23,7307,0,1,16197.349609
2014-01-24,7308,0,1,15879.110352000002
2014-01-27,7309,0,1,15837.879883000001
2014-01-28,7310,0,1,15928.55957
2014-01-29,7311,0,0,15738.790038999998
2014-01-30,7312,0,0,15848.610352000002
2014-01-31,7313,1,1,15698.849609
2014-02-03,7314,1,1,15372.799805
2014-02-04,7315,1,1,15445.240234
2014-02-05,7316,1,1,15440.230469
2014-02-06,7317,1,0,15628.530272999998
2014-02-07,7318,1,1,15794.080078
2014-02-10,7319,1,0,15801.790038999998
2014-02-11,7320,1,0,15994.769531
2014-02-12,7321,1,0,15963.94043
2014-02-13,7322,1,0,16027.589844
2014-02-14,7323,1,0,16154.389647999998
2014-02-18,7324,1,1,16130.400391
2014-02-19,7325,1,1,16040.55957
2014-02-20,7326,1,1,16133.230469
2014-02-21,7327,1,1,16103.299805
2014-02-24,7328,0,1,16207.139647999998
2014-02-25,7329,1,0,16179.660156
2014-02-26,7330,1,0,16198.410156
2014-02-27,7331,1,0,16272.650391
2014-02-28,7332,1,1,16321.709961000002
2014-03-03,7333,1,1,16168.030272999998
2014-03-04,7334,0,1,16395.880859
2014-03-05,7335,0,1,16360.179688
2014-03-06,7336,0,0,16421.890625
2014-03-07,7337,0,0,16452.720703
2014-03-10,7338,0,0,16418.679688
2014-03-11,7339,0,0,16351.25
2014-03-12,7340,0,1,16340.080078
2014-03-13,7341,1,1,16108.889647999998
2014-03-14,7342,1,0,16065.669922
2014-03-17,7343,1,1,16247.219727000002
2014-03-18,7344,1,1,16336.19043
2014-03-19,7345,1,0,16222.169922
2014-03-20,7346,0,0,16331.049805
2014-03-21,7347,1,1,16302.769531
2014-03-24,7348,1,1,16276.69043
2014-03-25,7349,1,1,16367.879883000001
2014-03-26,7350,1,1,16268.990234
2014-03-27,7351,1,1,16264.230469
2014-03-28,7352,1,1,16323.05957
2014-03-31,7353,0,1,16457.660156
2014-04-01,7354,0,1,16532.609375
2014-04-02,7355,0,0,16573.0
2014-04-03,7356,0,0,16572.550781
2014-04-04,7357,0,0,16412.710938
2014-04-07,7358,0,1,16245.870116999999
2014-04-08,7359,1,1,16256.139647999998
2014-04-09,7360,0,1,16437.179688
2014-04-10,7361,1,0,16170.219727000002
2014-04-11,7362,1,1,16026.75
2014-04-14,7363,1,1,16173.240234
2014-04-15,7364,1,1,16262.55957
2014-04-16,7365,1,1,16424.849609
2014-04-17,7366,0,1,16408.539063
2014-04-21,7367,0,1,16449.25
2014-04-22,7368,1,0,16514.369141
2014-04-23,7369,1,1,16501.650391
2014-04-24,7370,1,1,16501.650391
2014-04-25,7371,1,1,16361.459961000002
2014-04-28,7372,1,1,16448.740234
2014-04-29,7373,0,1,16535.369141
2014-04-30,7374,0,1,16580.839844
2014-05-01,7375,0,1,16558.869141
2014-05-02,7376,1,1,16512.890625
2014-05-05,7377,1,1,16530.550781
2014-05-06,7378,1,1,16401.019531
2014-05-07,7379,1,1,16518.539063
2014-05-08,7380,0,1,16550.970703
2014-05-09,7381,0,1,16583.339844
2014-05-12,7382,0,0,16695.470703
2014-05-13,7383,0,0,16715.439453
2014-05-14,7384,0,0,16613.970703
2014-05-15,7385,1,0,16446.810547
2014-05-16,7386,1,1,16491.310547
2014-05-19,7387,1,0,16511.859375
2014-05-20,7388,1,1,16374.30957
2014-05-21,7389,1,1,16533.060547
2014-05-22,7390,1,1,16543.080078
2014-05-23,7391,1,1,16606.269531
2014-05-27,7392,1,0,16675.5
2014-05-28,7393,1,0,16633.179688
2014-05-29,7394,1,1,16698.740234
2014-05-30,7395,1,1,16717.169922
2014-06-02,7396,1,1,16743.630859
2014-06-03,7397,1,0,16722.339844
2014-06-04,7398,1,1,16737.529297
2014-06-05,7399,0,1,16836.109375
2014-06-06,7400,0,1,16924.279297
2014-06-09,7401,0,1,16943.099609
2014-06-10,7402,0,0,16945.919922
2014-06-11,7403,1,0,16843.880859
2014-06-12,7404,1,1,16734.189453
2014-06-13,7405,1,1,16775.740234
2014-06-16,7406,1,1,16781.009766
2014-06-17,7407,1,1,16808.490234
2014-06-18,7408,0,0,16906.619141
2014-06-19,7409,0,0,16921.460938
2014-06-20,7410,0,1,16947.080078
2014-06-23,7411,0,0,16937.259766
2014-06-24,7412,1,1,16818.130859
2014-06-25,7413,1,1,16867.509766
2014-06-26,7414,1,1,16846.130859
2014-06-27,7415,1,1,16851.839844
2014-06-30,7416,1,0,16826.599609
2014-07-01,7417,1,1,16956.070313
2014-07-02,7418,0,1,16976.240234
2014-07-03,7419,0,1,17068.259766
2014-07-07,7420,1,1,17024.210938
2014-07-08,7421,1,1,16906.619141
2014-07-09,7422,1,1,16985.609375
2014-07-10,7423,1,1,16915.070313
2014-07-11,7424,1,1,16943.810547
2014-07-14,7425,0,1,17055.419922
2014-07-15,7426,1,1,17060.679688
2014-07-16,7427,0,0,17138.199219
2014-07-17,7428,1,0,16976.810547
2014-07-18,7429,0,0,17100.179688
2014-07-21,7430,0,0,17051.730469
2014-07-22,7431,0,1,17113.539063
2014-07-23,7432,0,0,17086.630859
2014-07-24,7433,0,1,17083.800781
2014-07-25,7434,0,0,16960.570313
2014-07-28,7435,0,1,16982.589844
2014-07-29,7436,0,1,16912.109375
2014-07-30,7437,0,1,16880.359375
2014-07-31,7438,0,1,16563.300781
2014-08-01,7439,1,1,16493.369141
2014-08-04,7440,1,1,16569.279297
2014-08-05,7441,1,1,16429.470703
2014-08-06,7442,1,0,16443.339844
2014-08-07,7443,1,1,16368.269531
2014-08-08,7444,1,0,16553.929688
2014-08-11,7445,1,0,16569.980469
2014-08-12,7446,1,0,16560.539063
2014-08-13,7447,1,0,16651.800781
2014-08-14,7448,1,0,16713.580078
2014-08-15,7449,1,0,16662.910156
2014-08-18,7450,1,0,16838.740234
2014-08-19,7451,1,1,16919.589844
2014-08-20,7452,1,0,16979.130859
2014-08-21,7453,1,0,17039.490234
2014-08-22,7454,1,0,17001.220703
2014-08-25,7455,0,0,17076.869141
2014-08-26,7456,0,0,17106.699219
2014-08-27,7457,0,1,17122.009766
2014-08-28,7458,1,1,17079.570313
2014-08-29,7459,1,1,17098.449219
2014-09-02,7460,0,1,17067.560547
2014-09-03,7461,0,1,17078.279297
2014-09-04,7462,0,1,17069.580078
2014-09-05,7463,0,1,17137.359375
2014-09-08,7464,0,1,17111.419922
2014-09-09,7465,1,0,17013.869141
2014-09-10,7466,1,0,17068.710938
2014-09-11,7467,1,1,17049.0
2014-09-12,7468,1,1,16987.509766
2014-09-15,7469,1,0,17031.140625
2014-09-16,7470,0,1,17131.970703
2014-09-17,7471,1,1,17156.849609
2014-09-18,7472,0,0,17265.990234
2014-09-19,7473,0,0,17279.740234
2014-09-22,7474,0,0,17172.679688
2014-09-23,7475,0,1,17055.869141
2014-09-24,7476,0,1,17210.060547
2014-09-25,7477,0,1,16945.800781
2014-09-26,7478,0,1,17113.150391
2014-09-29,7479,0,1,17071.220703
2014-09-30,7480,0,1,17042.900391
2014-10-01,7481,1,0,16804.710938
2014-10-02,7482,0,1,16801.050781
2014-10-03,7483,0,1,17009.689453
2014-10-06,7484,0,1,16991.910156
2014-10-07,7485,0,0,16719.390625
2014-10-08,7486,0,1,16994.220703
2014-10-09,7487,0,1,16659.25
2014-10-10,7488,0,1,16544.099609
2014-10-13,7489,1,1,16321.070313
2014-10-14,7490,1,1,16315.19043
2014-10-15,7491,1,1,16141.740234
2014-10-16,7492,1,1,16117.240234
2014-10-17,7493,1,0,16380.410156
2014-10-20,7494,1,0,16399.669922
2014-10-21,7495,1,0,16614.810547
2014-10-22,7496,1,0,16461.320313
2014-10-23,7497,1,0,16677.900391
2014-10-24,7498,1,0,16805.410156
2014-10-27,7499,1,1,16817.939453
2014-10-28,7500,1,1,17005.75
2014-10-29,7501,1,0,16974.310547
2014-10-30,7502,1,1,17195.419922
2014-10-31,7503,1,1,17390.519531
2014-11-03,7504,1,1,17366.240234
2014-11-04,7505,1,1,17383.839844
2014-11-05,7506,1,1,17484.529297
2014-11-06,7507,1,1,17554.470703
2014-11-07,7508,1,1,17573.929688
2014-11-10,7509,1,1,17613.740234
2014-11-11,7510,1,1,17614.900391
2014-11-12,7511,1,0,17612.199219
2014-11-13,7512,1,0,17652.789063
2014-11-14,7513,1,0,17634.740234
2014-11-17,7514,1,0,17647.75
2014-11-18,7515,1,0,17687.820313
2014-11-19,7516,1,0,17685.730469
2014-11-20,7517,1,0,17719.0
2014-11-21,7518,0,0,17810.060547
2014-11-24,7519,1,0,17817.900391
2014-11-25,7520,1,0,17814.939453
2014-11-26,7521,1,0,17827.75
2014-11-28,7522,1,0,17828.240234
2014-12-01,7523,1,1,17776.800781
2014-12-02,7524,0,1,17879.550781
2014-12-03,7525,0,1,17912.619141
2014-12-04,7526,0,0,17900.099609
2014-12-05,7527,0,0,17958.789063
2014-12-08,7528,0,0,17852.480469
2014-12-09,7529,0,1,17801.199219
2014-12-10,7530,0,1,17533.150391
2014-12-11,7531,1,1,17596.339844
2014-12-12,7532,1,1,17280.830078
2014-12-15,7533,1,1,17180.839844
2014-12-16,7534,1,1,17068.869141
2014-12-17,7535,1,1,17356.869141
2014-12-18,7536,1,0,17778.150391
2014-12-19,7537,1,0,17804.800781
2014-12-22,7538,1,0,17959.439453
2014-12-23,7539,0,1,18024.169922
2014-12-24,7540,0,1,18030.210938
2014-12-26,7541,0,0,18053.710938
2014-12-29,7542,0,1,18038.230469
2014-12-30,7543,0,0,17983.070313
2014-12-31,7544,1,0,17823.070313
2015-01-02,7545,0,0,17832.990234
2015-01-05,7546,1,1,17501.650391
2015-01-06,7547,1,1,17371.640625
2015-01-07,7548,0,0,17584.519531
2015-01-08,7549,0,0,17907.869141
2015-01-09,7550,0,0,17737.369141
2015-01-12,7551,0,1,17640.839844
2015-01-13,7552,0,1,17613.679688
2015-01-14,7553,1,0,17427.089844
2015-01-15,7554,1,0,17320.710938
2015-01-16,7555,1,1,17511.570313
2015-01-20,7556,0,1,17515.230469
2015-01-21,7557,0,1,17554.279297
2015-01-22,7558,0,1,17813.980469
2015-01-23,7559,0,1,17672.599609
2015-01-26,7560,0,0,17678.699219
2015-01-27,7561,1,0,17387.210938
2015-01-28,7562,1,0,17191.369141
2015-01-29,7563,1,1,17416.849609
2015-01-30,7564,1,1,17164.949219
2015-02-02,7565,1,0,17361.039063
2015-02-03,7566,1,1,17666.400391
2015-02-04,7567,1,0,17673.019531
2015-02-05,7568,1,1,17884.880859
2015-02-06,7569,1,1,17824.289063
2015-02-09,7570,1,0,17729.210938
2015-02-10,7571,1,1,17868.759766
2015-02-11,7572,1,1,17862.140625
2015-02-12,7573,1,1,17972.380859
2015-02-13,7574,1,1,18019.349609
2015-02-17,7575,1,1,18047.580078
2015-02-18,7576,1,1,18029.849609
2015-02-19,7577,1,0,17985.769531
2015-02-20,7578,0,1,18140.439453
2015-02-23,7579,1,1,18116.839844
2015-02-24,7580,0,0,18209.189453
2015-02-25,7581,0,1,18224.570313
2015-02-26,7582,0,0,18214.419922
2015-02-27,7583,0,1,18132.699219
2015-03-02,7584,0,0,18288.630859
2015-03-03,7585,0,1,18203.369141
2015-03-04,7586,0,0,18096.900391
2015-03-05,7587,0,1,18135.720703
2015-03-06,7588,0,1,17856.779297
2015-03-09,7589,0,1,17995.720703
2015-03-10,7590,1,1,17662.939453
2015-03-11,7591,1,1,17635.390625
2015-03-12,7592,1,1,17895.220703
2015-03-13,7593,1,0,17749.310547
2015-03-16,7594,1,0,17977.419922
2015-03-17,7595,1,0,17849.080078
2015-03-18,7596,0,0,18076.189453
2015-03-19,7597,0,0,17959.029297
2015-03-20,7598,0,0,18127.650391
2015-03-23,7599,0,1,18116.039063
2015-03-24,7600,0,1,18011.140625
2015-03-25,7601,0,1,17718.539063
2015-03-26,7602,1,1,17678.230469
2015-03-27,7603,1,0,17712.660156
2015-03-30,7604,0,0,17976.310547
2015-03-31,7605,1,0,17776.119141
2015-04-01,7606,1,1,17698.179688
2015-04-02,7607,1,1,17763.240234
2015-04-06,7608,1,1,17880.849609
2015-04-07,7609,1,1,17875.419922
2015-04-08,7610,1,0,17902.509766
2015-04-09,7611,1,1,17958.730469
2015-04-10,7612,0,1,18057.650391
2015-04-13,7613,1,1,17977.039063
2015-04-14,7614,0,1,18036.699219
2015-04-15,7615,0,0,18112.609375
2015-04-16,7616,0,1,18105.769531
2015-04-17,7617,1,0,17826.300781
2015-04-20,7618,1,1,18034.929688
2015-04-21,7619,1,1,17949.589844
2015-04-22,7620,0,1,18038.269531
2015-04-23,7621,0,1,18058.689453
2015-04-24,7622,0,1,18080.140625
2015-04-27,7623,1,1,18037.970703
2015-04-28,7624,0,1,18110.140625
2015-04-29,7625,0,1,18035.529297
2015-04-30,7626,1,0,17840.519531
2015-05-01,7627,1,1,18024.060547
2015-05-04,7628,1,1,18070.400391
2015-05-05,7629,1,0,17928.199219
2015-05-06,7630,1,0,17841.980469
2015-05-07,7631,1,1,17924.060547
2015-05-08,7632,1,1,18191.109375
2015-05-11,7633,1,1,18105.169922
2015-05-12,7634,1,0,18068.230469
2015-05-13,7635,1,1,18060.490234
2015-05-14,7636,1,1,18252.240234
2015-05-15,7637,0,1,18272.560547
2015-05-18,7638,0,1,18298.880859
2015-05-19,7639,0,1,18312.390625
2015-05-20,7640,0,1,18285.400391
2015-05-21,7641,0,1,18285.740234
2015-05-22,7642,0,1,18232.019531
2015-05-26,7643,0,1,18041.539063
2015-05-27,7644,0,1,18162.990234
2015-05-28,7645,0,1,18126.119141
2015-05-29,7646,0,1,18010.679688
2015-06-01,7647,0,1,18040.369141
2015-06-02,7648,0,1,18011.939453
2015-06-03,7649,0,1,18076.269531
2015-06-04,7650,1,0,17905.580078
2015-06-05,7651,1,0,17849.460938
2015-06-08,7652,1,1,17766.550781
2015-06-09,7653,1,0,17764.039063
2015-06-10,7654,0,1,18000.400391
2015-06-11,7655,1,0,18039.369141
2015-06-12,7656,1,0,17898.839844
2015-06-15,7657,1,1,17791.169922
2015-06-16,7658,1,1,17904.480469
2015-06-17,7659,1,1,17935.740234
2015-06-18,7660,0,0,18115.839844
2015-06-19,7661,0,0,18015.949219
2015-06-22,7662,0,1,18119.779297
2015-06-23,7663,0,0,18144.070313
2015-06-24,7664,0,1,17966.070313
2015-06-25,7665,0,1,17890.359375
2015-06-26,7666,0,1,17946.679688
2015-06-29,7667,1,1,17596.349609
2015-06-30,7668,0,1,17619.509766
2015-07-01,7669,0,1,17757.910156
2015-07-02,7670,1,1,17730.109375
2015-07-06,7671,1,1,17683.580078
2015-07-07,7672,1,1,17776.910156
2015-07-08,7673,1,1,17515.419922
2015-07-09,7674,1,1,17548.619141
2015-07-10,7675,1,1,17760.410156
2015-07-13,7676,1,0,17977.679688
2015-07-14,7677,0,1,18053.580078
2015-07-15,7678,0,0,18050.169922
2015-07-16,7679,0,1,18120.25
2015-07-17,7680,0,1,18086.449219
2015-07-20,7681,0,1,18100.410156
2015-07-21,7682,0,1,17919.289063
2015-07-22,7683,0,0,17851.039063
2015-07-23,7684,1,1,17731.919922
2015-07-24,7685,1,1,17568.529297
2015-07-27,7686,1,1,17440.589844
2015-07-28,7687,0,1,17630.269531
2015-07-29,7688,0,0,17751.390625
2015-07-30,7689,0,1,17745.980469
2015-07-31,7690,0,1,17689.859375
2015-08-03,7691,1,1,17598.199219
2015-08-04,7692,0,1,17550.689453
2015-08-05,7693,0,1,17540.470703
2015-08-06,7694,0,1,17419.75
2015-08-07,7695,1,1,17373.380859
2015-08-10,7696,0,1,17615.169922
2015-08-11,7697,1,1,17402.839844
2015-08-12,7698,0,1,17402.509766
2015-08-13,7699,0,0,17408.25
2015-08-14,7700,0,0,17477.400391
2015-08-17,7701,0,0,17545.179688
2015-08-18,7702,0,0,17511.339844
2015-08-19,7703,0,1,17348.730469
2015-08-20,7704,0,1,16990.689453
2015-08-21,7705,1,1,16459.75
2015-08-24,7706,1,1,15871.349609
2015-08-25,7707,1,0,15666.44043
2015-08-26,7708,1,0,16285.509766
2015-08-27,7709,0,0,16654.769531
2015-08-28,7710,0,1,16643.009766
2015-08-31,7711,0,0,16528.029297
2015-09-01,7712,1,0,16058.349609
2015-09-02,7713,0,0,16351.379883000001
2015-09-03,7714,1,0,16374.759766
2015-09-04,7715,1,1,16102.379883000001
2015-09-08,7716,1,1,16492.679688
2015-09-09,7717,1,1,16253.570313
2015-09-10,7718,1,1,16330.400391
2015-09-11,7719,0,1,16433.089844
2015-09-14,7720,1,0,16370.959961000002
2015-09-15,7721,0,0,16599.849609
2015-09-16,7722,0,0,16739.949219
2015-09-17,7723,0,1,16674.740234
2015-09-18,7724,0,0,16384.580078
2015-09-21,7725,0,1,16510.189453
2015-09-22,7726,0,1,16330.469727000002
2015-09-23,7727,1,1,16279.889647999998
2015-09-24,7728,1,1,16201.320313
2015-09-25,7729,1,1,16314.669922
2015-09-28,7730,1,1,16001.889647999998
2015-09-29,7731,1,1,16049.129883000001
2015-09-30,7732,1,1,16284.700195
2015-10-01,7733,1,1,16272.009766
2015-10-02,7734,1,1,16472.369141
2015-10-05,7735,1,0,16776.429688
2015-10-06,7736,1,0,16790.189453
2015-10-07,7737,1,1,16912.289063
2015-10-08,7738,1,1,17050.75
2015-10-09,7739,1,1,17084.490234
2015-10-12,7740,1,1,17131.859375
2015-10-13,7741,1,0,17081.890625
2015-10-14,7742,1,1,16924.75
2015-10-15,7743,1,0,17141.75
2015-10-16,7744,1,1,17215.970703
2015-10-19,7745,1,1,17230.539063
2015-10-20,7746,1,0,17217.109375
2015-10-21,7747,1,0,17168.609375
2015-10-22,7748,1,0,17489.160156
2015-10-23,7749,1,0,17646.699219
2015-10-26,7750,1,0,17623.050781
2015-10-27,7751,1,0,17581.429688
2015-10-28,7752,1,0,17779.519531
2015-10-29,7753,1,0,17755.800781
2015-10-30,7754,1,1,17663.539063
2015-11-02,7755,0,0,17828.759766
2015-11-03,7756,0,1,17918.150391
2015-11-04,7757,0,1,17867.580078
2015-11-05,7758,0,1,17863.429688
2015-11-06,7759,0,1,17910.330078
2015-11-09,7760,0,1,17730.480469
2015-11-10,7761,0,1,17758.210938
2015-11-11,7762,1,1,17702.220703
2015-11-12,7763,1,0,17448.070313
2015-11-13,7764,1,1,17245.240234
2015-11-16,7765,1,1,17483.009766
2015-11-17,7766,1,1,17489.5
2015-11-18,7767,1,0,17737.160156
2015-11-19,7768,1,0,17732.75
2015-11-20,7769,0,0,17823.810547
2015-11-23,7770,1,0,17792.679688
2015-11-24,7771,0,0,17812.189453
2015-11-25,7772,0,1,17813.390625
2015-11-27,7773,1,1,17813.390625
2015-11-30,7774,1,1,17719.919922
2015-12-01,7775,0,1,17888.349609
2015-12-02,7776,0,1,17729.679688
2015-12-03,7777,1,0,17477.669922
2015-12-04,7778,0,1,17847.630859
2015-12-07,7779,0,1,17730.509766
2015-12-08,7780,0,1,17568.0
2015-12-09,7781,1,1,17492.300781
2015-12-10,7782,0,1,17574.75
2015-12-11,7783,0,1,17265.210938
2015-12-14,7784,0,1,17368.5
2015-12-15,7785,0,1,17524.910156
2015-12-16,7786,0,0,17749.089844
2015-12-17,7787,1,0,17495.839844
2015-12-18,7788,1,1,17128.550781
2015-12-21,7789,1,1,17251.619141
2015-12-22,7790,1,0,17417.269531
2015-12-23,7791,0,1,17602.609375
2015-12-24,7792,0,0,17552.169922
2015-12-28,7793,0,1,17528.269531
2015-12-29,7794,0,1,17720.980469
2015-12-30,7795,0,1,17603.869141
2015-12-31,7796,0,1,17425.029297
2016-01-04,7797,0,0,17148.939453
2016-01-05,7798,0,1,17158.660156
2016-01-06,7799,0,1,16906.509766
2016-01-07,7800,0,0,16514.099609
2016-01-08,7801,0,1,16346.450195
2016-01-11,7802,0,0,16398.570313
2016-01-12,7803,0,0,16516.220703
2016-01-13,7804,0,1,16151.410156
2016-01-14,7805,0,0,16379.049805
2016-01-15,7806,0,0,15988.080078
2016-01-19,7807,1,0,16016.019531
2016-01-20,7808,1,0,15766.740234
2016-01-21,7809,1,0,15882.679688
2016-01-22,7810,1,1,16093.509766
2016-01-25,7811,1,1,15885.219727000002
2016-01-26,7812,0,1,16167.230469
2016-01-27,7813,1,1,15944.459961000002
2016-01-28,7814,1,1,16069.639647999998
2016-01-29,7815,0,0,16466.300781
2016-02-01,7816,0,0,16449.179688
2016-02-02,7817,0,1,16153.540038999998
2016-02-03,7818,0,0,16336.660156
2016-02-04,7819,0,0,16416.580078
2016-02-05,7820,0,1,16204.969727000002
2016-02-08,7821,1,0,16027.049805
2016-02-09,7822,1,1,16014.379883000001
2016-02-10,7823,1,0,15914.740234
2016-02-11,7824,1,1,15660.179688
2016-02-12,7825,1,1,15973.839844
2016-02-16,7826,1,1,16196.410156
2016-02-17,7827,1,1,16453.830078
2016-02-18,7828,1,1,16413.429688
2016-02-19,7829,1,0,16391.990234
2016-02-22,7830,0,0,16620.660156
2016-02-23,7831,1,0,16431.779297
2016-02-24,7832,1,1,16484.990234
2016-02-25,7833,1,0,16697.289063
2016-02-26,7834,1,1,16639.970703
2016-02-29,7835,1,1,16516.5
2016-03-01,7836,1,1,16865.080078
2016-03-02,7837,1,1,16899.320313
2016-03-03,7838,1,0,16943.900391
2016-03-04,7839,1,0,17006.769531
2016-03-07,7840,1,1,17073.949219
2016-03-08,7841,1,1,16964.099609
2016-03-09,7842,1,1,17000.359375
2016-03-10,7843,1,1,16995.130859
2016-03-11,7844,1,1,17213.310547
2016-03-14,7845,1,1,17229.130859
2016-03-15,7846,1,1,17251.529297
2016-03-16,7847,1,1,17325.759766
2016-03-17,7848,1,1,17481.490234
2016-03-18,7849,0,1,17602.300781
2016-03-21,7850,1,1,17623.869141
2016-03-22,7851,1,1,17582.570313
2016-03-23,7852,1,1,17502.589844
2016-03-24,7853,1,1,17515.730469
2016-03-28,7854,1,1,17535.390625
2016-03-29,7855,0,1,17633.109375
2016-03-30,7856,0,1,17716.660156
2016-03-31,7857,0,1,17685.089844
2016-04-01,7858,0,0,17792.75
2016-04-04,7859,0,1,17737.0
2016-04-05,7860,1,1,17603.320313
2016-04-06,7861,1,1,17716.050781
2016-04-07,7862,1,1,17541.960938
2016-04-08,7863,1,0,17576.960938
2016-04-11,7864,1,1,17556.410156
2016-04-12,7865,1,0,17721.25
2016-04-13,7866,1,0,17908.279297
2016-04-14,7867,1,1,17926.429688
2016-04-15,7868,1,0,17897.460938
2016-04-18,7869,0,0,18004.160156
2016-04-19,7870,0,0,18053.599609
2016-04-20,7871,0,1,18096.269531
2016-04-21,7872,0,1,17982.519531
2016-04-22,7873,0,1,18003.75
2016-04-25,7874,0,1,17977.240234
2016-04-26,7875,0,1,17990.320313
2016-04-27,7876,0,1,18041.550781
2016-04-28,7877,0,1,17830.759766
2016-04-29,7878,0,1,17773.640625
2016-05-02,7879,0,1,17891.160156
2016-05-03,7880,1,1,17750.910156
2016-05-04,7881,1,0,17651.259766
2016-05-05,7882,1,1,17660.710938
2016-05-06,7883,0,1,17740.630859
2016-05-09,7884,1,1,17705.910156
2016-05-10,7885,0,0,17928.349609
2016-05-11,7886,0,1,17711.119141
2016-05-12,7887,0,0,17720.5
2016-05-13,7888,0,0,17535.320313
2016-05-16,7889,0,0,17710.710938
2016-05-17,7890,1,0,17529.980469
2016-05-18,7891,1,1,17526.619141
2016-05-19,7892,1,1,17435.400391
2016-05-20,7893,1,0,17500.939453
2016-05-23,7894,1,0,17492.929688
2016-05-24,7895,1,1,17706.050781
2016-05-25,7896,0,0,17851.509766
2016-05-26,7897,0,1,17828.289063
2016-05-27,7898,1,0,17873.220703
2016-05-31,7899,1,0,17787.199219
2016-06-01,7900,1,1,17789.669922
2016-06-02,7901,1,1,17838.560547
2016-06-03,7902,1,0,17807.060547
2016-06-06,7903,0,1,17920.330078
2016-06-07,7904,0,1,17938.279297
2016-06-08,7905,0,1,18005.050781
2016-06-09,7906,0,1,17985.189453
2016-06-10,7907,0,1,17865.339844
2016-06-13,7908,1,1,17732.480469
2016-06-14,7909,1,1,17674.820313
2016-06-15,7910,1,1,17640.169922
2016-06-16,7911,1,1,17733.099609
2016-06-17,7912,0,1,17675.160156
2016-06-20,7913,0,1,17804.869141
2016-06-21,7914,0,0,17829.730469
2016-06-22,7915,0,0,17780.830078
2016-06-23,7916,0,0,18011.070313
2016-06-24,7917,1,1,17400.75
2016-06-27,7918,1,1,17140.240234
2016-06-28,7919,1,0,17409.720703
2016-06-29,7920,1,1,17694.679688
2016-06-30,7921,1,1,17929.990234
2016-07-01,7922,1,1,17949.369141
2016-07-05,7923,1,1,17840.619141
2016-07-06,7924,1,0,17918.619141
2016-07-07,7925,1,0,17895.880859
2016-07-08,7926,1,1,18146.740234
2016-07-11,7927,1,0,18226.929688
2016-07-12,7928,1,0,18347.669922
2016-07-13,7929,1,0,18372.119141
2016-07-14,7930,1,0,18506.410156
2016-07-15,7931,1,1,18516.550781
2016-07-18,7932,0,1,18533.050781
2016-07-19,7933,0,0,18559.009766
2016-07-20,7934,0,0,18595.029297
2016-07-21,7935,0,1,18517.230469
2016-07-22,7936,0,1,18570.849609
2016-07-25,7937,0,1,18493.060547
2016-07-26,7938,0,1,18473.75
2016-07-27,7939,0,1,18472.169922
2016-07-28,7940,0,0,18456.349609
2016-07-29,7941,1,1,18432.240234
2016-08-01,7942,1,1,18404.509766
2016-08-02,7943,1,1,18313.769531
2016-08-03,7944,1,1,18355.0
2016-08-04,7945,1,1,18352.050781
2016-08-05,7946,1,1,18543.529297
2016-08-08,7947,1,0,18529.289063
2016-08-09,7948,1,1,18533.050781
2016-08-10,7949,1,0,18495.660156
2016-08-11,7950,0,1,18613.519531
2016-08-12,7951,0,1,18576.470703
2016-08-15,7952,0,0,18636.050781
2016-08-16,7953,0,0,18552.019531
2016-08-17,7954,0,0,18573.939453
2016-08-18,7955,0,0,18597.699219
2016-08-19,7956,0,1,18552.570313
2016-08-22,7957,0,1,18529.419922
2016-08-23,7958,0,1,18547.300781
2016-08-24,7959,0,1,18481.480469
2016-08-25,7960,0,1,18448.410156
2016-08-26,7961,1,1,18395.400391
2016-08-29,7962,1,1,18502.990234
2016-08-30,7963,1,1,18454.300781
2016-08-31,7964,1,1,18400.880859
2016-09-01,7965,0,0,18419.300781
2016-09-02,7966,0,1,18491.960938
2016-09-06,7967,0,1,18538.119141
2016-09-07,7968,0,1,18526.140625
2016-09-08,7969,0,1,18479.910156
2016-09-09,7970,1,0,18085.449219
2016-09-12,7971,0,1,18325.070313
2016-09-13,7972,1,0,18066.75
2016-09-14,7973,1,0,18034.769531
2016-09-15,7974,1,1,18212.480469
2016-09-16,7975,1,1,18123.800781
2016-09-19,7976,0,0,18120.169922
2016-09-20,7977,1,0,18129.960938
2016-09-21,7978,1,0,18293.699219
2016-09-22,7979,0,0,18392.460938
2016-09-23,7980,1,1,18261.449219
2016-09-26,7981,1,0,18094.830078
2016-09-27,7982,0,1,18228.300781
2016-09-28,7983,0,1,18339.240234
2016-09-29,7984,1,1,18143.449219
2016-09-30,7985,0,0,18308.150391
2016-10-03,7986,1,0,18253.849609
2016-10-04,7987,0,1,18168.449219
2016-10-05,7988,0,0,18281.029297
2016-10-06,7989,0,1,18268.5
2016-10-07,7990,0,1,18240.490234
2016-10-10,7991,0,1,18329.039063
2016-10-11,7992,1,1,18128.660156
2016-10-12,7993,1,0,18144.199219
2016-10-13,7994,1,0,18098.939453
2016-10-14,7995,1,0,18138.380859
2016-10-17,7996,1,1,18086.400391
2016-10-18,7997,1,0,18161.939453
2016-10-19,7998,0,1,18202.619141
2016-10-20,7999,1,1,18162.349609
2016-10-21,8000,1,0,18145.710938
2016-10-24,8001,0,1,18223.029297
2016-10-25,8002,0,0,18169.269531
2016-10-26,8003,0,0,18199.330078
2016-10-27,8004,0,0,18169.679688
2016-10-28,8005,0,1,18161.189453
2016-10-31,8006,1,0,18142.419922
2016-11-01,8007,1,1,18037.099609
2016-11-02,8008,1,1,17959.640625
2016-11-03,8009,1,1,17930.669922
2016-11-04,8010,1,1,17888.279297
2016-11-07,8011,1,1,18259.599609
2016-11-08,8012,1,1,18332.740234
2016-11-09,8013,1,0,18589.689453
2016-11-10,8014,1,1,18807.880859
2016-11-11,8015,1,1,18847.660156
2016-11-14,8016,1,1,18868.689453
2016-11-15,8017,1,1,18923.060547
2016-11-16,8018,1,1,18868.140625
2016-11-17,8019,1,0,18903.820313
2016-11-18,8020,1,0,18867.929688
2016-11-21,8021,1,1,18956.689453
2016-11-22,8022,1,0,19023.869141
2016-11-23,8023,1,0,19083.179688
2016-11-25,8024,1,0,19152.140625
2016-11-28,8025,1,0,19097.900391
2016-11-29,8026,1,0,19121.599609
2016-11-30,8027,1,1,19123.580078
2016-12-01,8028,1,1,19191.929688
2016-12-02,8029,1,1,19170.419922
2016-12-05,8030,1,1,19216.240234
2016-12-06,8031,1,0,19251.779297
2016-12-07,8032,1,0,19549.619141
2016-12-08,8033,1,0,19614.810547
2016-12-09,8034,1,1,19756.849609
2016-12-12,8035,1,0,19796.429688
2016-12-13,8036,1,1,19911.210938
2016-12-14,8037,1,1,19792.529297
2016-12-15,8038,1,1,19852.240234
2016-12-16,8039,1,1,19843.410156
2016-12-19,8040,1,1,19883.060547
2016-12-20,8041,0,1,19974.619141
2016-12-21,8042,0,1,19941.960938
2016-12-22,8043,0,0,19918.880859
2016-12-23,8044,0,1,19933.810547
2016-12-27,8045,0,1,19945.039063
2016-12-28,8046,1,1,19833.679688
2016-12-29,8047,1,1,19819.779297
2016-12-30,8048,1,1,19762.599609
2017-01-03,8049,0,0,19881.759766
2017-01-04,8050,1,0,19942.160156
2017-01-05,8051,0,0,19899.289063
2017-01-06,8052,0,0,19963.800781
2017-01-09,8053,0,0,19887.380859
2017-01-10,8054,0,1,19855.529297
2017-01-11,8055,0,1,19954.279297
2017-01-12,8056,0,0,19891.0
2017-01-13,8057,0,1,19885.730469
2017-01-17,8058,1,0,19826.769531
2017-01-18,8059,1,1,19804.720703
2017-01-19,8060,1,1,19732.400391
2017-01-20,8061,1,1,19827.25
2017-01-23,8062,1,1,19799.849609
2017-01-24,8063,0,1,19912.710938
2017-01-25,8064,0,0,20068.509766
2017-01-26,8065,0,0,20100.910156
2017-01-27,8066,0,1,20093.779297
2017-01-30,8067,1,0,19971.130859
2017-01-31,8068,1,1,19864.089844
2017-02-01,8069,1,1,19890.939453
2017-02-02,8070,1,0,19884.910156
2017-02-03,8071,1,1,20071.460938
2017-02-06,8072,1,0,20052.419922
2017-02-07,8073,1,1,20090.289063
2017-02-08,8074,1,0,20054.339844
2017-02-09,8075,1,0,20172.400391
2017-02-10,8076,1,1,20269.369141
2017-02-13,8077,1,0,20412.160156
2017-02-14,8078,1,1,20504.410156
2017-02-15,8079,1,1,20611.859375
2017-02-16,8080,1,1,20619.769531
2017-02-17,8081,1,0,20624.050781
2017-02-21,8082,1,1,20743.0
2017-02-22,8083,1,1,20775.599609
2017-02-23,8084,1,1,20810.320313
2017-02-24,8085,1,1,20821.759766
2017-02-27,8086,1,1,20837.439453
2017-02-28,8087,1,1,20812.240234
2017-03-01,8088,0,1,21115.550781
2017-03-02,8089,0,1,21002.970703
2017-03-03,8090,0,0,21005.710938
2017-03-06,8091,0,1,20954.339844
2017-03-07,8092,0,1,20924.759766
2017-03-08,8093,1,1,20855.730469
2017-03-09,8094,1,1,20858.189453
2017-03-10,8095,1,1,20902.980469
2017-03-13,8096,1,1,20881.480469
2017-03-14,8097,0,1,20837.369141
2017-03-15,8098,0,1,20950.099609
2017-03-16,8099,0,1,20934.550781
2017-03-17,8100,0,0,20914.619141
2017-03-20,8101,0,0,20905.859375
2017-03-21,8102,1,1,20668.009766
2017-03-22,8103,0,1,20661.300781
2017-03-23,8104,1,1,20656.580078
2017-03-24,8105,1,0,20596.720703
2017-03-27,8106,1,1,20550.980469
2017-03-28,8107,0,1,20701.5
2017-03-29,8108,0,0,20659.320313
2017-03-30,8109,0,1,20728.490234
2017-03-31,8110,0,1,20663.220703
2017-04-03,8111,1,0,20650.210938
2017-04-04,8112,0,1,20689.240234
2017-04-05,8113,0,0,20648.150391
2017-04-06,8114,0,0,20662.949219
2017-04-07,8115,0,1,20656.099609
2017-04-10,8116,0,1,20658.019531
2017-04-11,8117,0,1,20651.300781
2017-04-12,8118,0,0,20591.859375
2017-04-13,8119,1,1,20453.25
2017-04-17,8120,1,1,20636.919922
2017-04-18,8121,1,1,20523.279297
2017-04-19,8122,1,0,20404.490234
2017-04-20,8123,1,1,20578.710938
2017-04-21,8124,1,0,20547.759766
2017-04-24,8125,1,1,20763.890625
2017-04-25,8126,0,1,20996.119141
2017-04-26,8127,0,0,20975.089844
2017-04-27,8128,0,1,20981.330078
2017-04-28,8129,1,0,20940.509766
2017-05-01,8130,1,1,20913.460938
2017-05-02,8131,1,1,20949.890625
2017-05-03,8132,0,0,20957.900391
2017-05-04,8133,0,1,20951.470703
2017-05-05,8134,0,1,21006.939453
2017-05-08,8135,0,1,21012.279297
2017-05-09,8136,1,1,20975.779297
2017-05-10,8137,0,0,20943.109375
2017-05-11,8138,0,1,20919.419922
2017-05-12,8139,0,1,20896.609375
2017-05-15,8140,0,1,20981.939453
2017-05-16,8141,0,0,20979.75
2017-05-17,8142,1,1,20606.929688
2017-05-18,8143,1,1,20663.019531
2017-05-19,8144,1,1,20804.839844
2017-05-22,8145,1,1,20894.830078
2017-05-23,8146,1,0,20937.910156
2017-05-24,8147,1,0,21012.419922
2017-05-25,8148,1,1,21082.949219
2017-05-26,8149,1,1,21080.279297
2017-05-30,8150,1,0,21029.470703
2017-05-31,8151,1,1,21008.650391
2017-06-01,8152,1,1,21144.179688
2017-06-02,8153,1,1,21206.289063
2017-06-05,8154,1,1,21184.039063
2017-06-06,8155,1,1,21136.230469
2017-06-07,8156,1,1,21173.689453
2017-06-08,8157,1,1,21182.529297
2017-06-09,8158,1,1,21271.970703
2017-06-12,8159,1,1,21235.669922
2017-06-13,8160,1,1,21328.470703
2017-06-14,8161,1,1,21374.560547
2017-06-15,8162,1,0,21359.900391
2017-06-16,8163,1,1,21384.279297
2017-06-19,8164,0,0,21528.990234
2017-06-20,8165,0,0,21467.140625
2017-06-21,8166,1,1,21410.029297
2017-06-22,8167,0,0,21397.289063
2017-06-23,8168,0,1,21394.759766
2017-06-26,8169,1,1,21409.550781
2017-06-27,8170,1,1,21310.660156
2017-06-28,8171,0,1,21454.609375
2017-06-29,8172,1,0,21287.029297
2017-06-30,8173,1,0,21349.630859
2017-07-03,8174,0,1,21479.269531
2017-07-05,8175,1,1,21478.169922
2017-07-06,8176,1,1,21320.039063
2017-07-07,8177,1,1,21414.339844
2017-07-10,8178,1,1,21408.519531
2017-07-11,8179,1,1,21409.070313
2017-07-12,8180,1,0,21532.140625
2017-07-13,8181,1,1,21553.089844
2017-07-14,8182,0,0,21637.740234
2017-07-17,8183,0,0,21629.720703
2017-07-18,8184,1,0,21574.730469
2017-07-19,8185,1,0,21640.75
2017-07-20,8186,1,1,21611.779297
2017-07-21,8187,1,1,21580.070313
2017-07-24,8188,1,0,21513.169922
2017-07-25,8189,1,1,21613.429688
2017-07-26,8190,1,1,21711.009766
2017-07-27,8191,1,0,21796.550781
2017-07-28,8192,1,0,21830.310547
2017-07-31,8193,1,0,21891.119141
2017-08-01,8194,1,0,21963.919922
2017-08-02,8195,1,1,22016.240234
2017-08-03,8196,0,1,22026.099609
2017-08-04,8197,0,1,22092.810547
2017-08-07,8198,0,1,22118.419922
2017-08-08,8199,0,0,22085.339844
2017-08-09,8200,0,0,22048.699219
2017-08-10,8201,0,1,21844.009766
2017-08-11,8202,0,1,21858.320313
2017-08-14,8203,0,1,21993.710938
2017-08-15,8204,0,1,21998.990234
2017-08-16,8205,0,1,22024.869141
2017-08-17,8206,1,1,21750.730469
2017-08-18,8207,1,1,21674.509766
2017-08-21,8208,1,1,21703.75
2017-08-22,8209,0,1,21899.890625
2017-08-23,8210,1,1,21812.089844
2017-08-24,8211,1,0,21783.400391
2017-08-25,8212,1,0,21813.669922
2017-08-28,8213,0,0,21808.400391
2017-08-29,8214,0,1,21865.369141
2017-08-30,8215,0,1,21892.429688
2017-08-31,8216,0,1,21948.099609
2017-09-01,8217,1,0,21987.560547
2017-09-05,8218,1,0,21753.310547
2017-09-06,8219,1,0,21807.640625
2017-09-07,8220,1,1,21784.779297
2017-09-08,8221,1,0,21797.789063
2017-09-11,8222,1,0,22057.369141
2017-09-12,8223,1,0,22118.859375
2017-09-13,8224,1,0,22158.179688
2017-09-14,8225,1,0,22203.480469
2017-09-15,8226,1,0,22268.339844
2017-09-18,8227,0,1,22331.349609
2017-09-19,8228,0,1,22370.800781
2017-09-20,8229,0,1,22412.589844
2017-09-21,8230,1,1,22359.230469
2017-09-22,8231,1,1,22349.589844
2017-09-25,8232,1,1,22296.089844
2017-09-26,8233,1,1,22284.320313
2017-09-27,8234,1,1,22340.710938
2017-09-28,8235,1,1,22381.199219
2017-09-29,8236,1,1,22405.089844
2017-10-02,8237,1,1,22557.599609
2017-10-03,8238,1,1,22641.669922
2017-10-04,8239,1,1,22661.640625
2017-10-05,8240,1,0,22775.390625
2017-10-06,8241,1,0,22773.669922
2017-10-09,8242,1,1,22761.070313
2017-10-10,8243,1,1,22830.679688
2017-10-11,8244,1,1,22872.890625
2017-10-12,8245,1,1,22841.009766
2017-10-13,8246,1,0,22871.720703
2017-10-16,8247,1,0,22956.960938
2017-10-17,8248,1,1,22997.439453
2017-10-18,8249,1,1,23157.599609
2017-10-19,8250,1,1,23163.039063
2017-10-20,8251,1,1,23328.630859
2017-10-23,8252,1,1,23273.960938
2017-10-24,8253,0,0,23441.759766
2017-10-25,8254,1,1,23329.460938
2017-10-26,8255,1,1,23400.859375
2017-10-27,8256,1,0,23434.189453
2017-10-30,8257,1,1,23348.740234
2017-10-31,8258,1,0,23377.240234
2017-11-01,8259,1,1,23435.009766
2017-11-02,8260,0,1,23516.259766
2017-11-03,8261,0,1,23539.189453
2017-11-06,8262,0,1,23548.419922
2017-11-07,8263,0,1,23557.230469
2017-11-08,8264,0,1,23563.359375
2017-11-09,8265,0,1,23461.939453
2017-11-10,8266,0,0,23422.210938
2017-11-13,8267,0,1,23439.699219
2017-11-14,8268,1,0,23409.470703
2017-11-15,8269,1,1,23271.279297
2017-11-16,8270,1,0,23458.359375
2017-11-17,8271,1,1,23358.240234
2017-11-20,8272,1,1,23430.330078
2017-11-21,8273,1,1,23590.830078
2017-11-22,8274,1,1,23526.179688
2017-11-24,8275,1,0,23557.990234
2017-11-27,8276,1,0,23580.779297
2017-11-28,8277,1,1,23836.710938
2017-11-29,8278,1,0,23940.679688
2017-11-30,8279,0,0,24272.349609
2017-12-01,8280,1,1,24231.589844
2017-12-04,8281,1,1,24290.050781
2017-12-05,8282,1,1,24180.640625
2017-12-06,8283,1,1,24140.910156
2017-12-07,8284,1,1,24211.480469
2017-12-08,8285,1,0,24329.160156
2017-12-11,8286,1,1,24386.029297
2017-12-12,8287,1,1,24504.800781
2017-12-13,8288,1,1,24585.429688
2017-12-14,8289,1,1,24508.660156
2017-12-15,8290,1,1,24651.740234
2017-12-18,8291,0,1,24792.199219
2017-12-19,8292,1,1,24754.75
2017-12-20,8293,1,1,24726.650391
2017-12-21,8294,0,1,24782.289063
2017-12-22,8295,1,1,24754.060547
2017-12-26,8296,1,1,24746.210938
2017-12-27,8297,1,0,24774.300781
2017-12-28,8298,1,1,24837.509766
2017-12-29,8299,1,1,24719.220703
2018-01-02,8300,1,1,24824.009766
2018-01-03,8301,1,1,24922.679688
2018-01-04,8302,1,1,25075.130859
2018-01-05,8303,1,0,25295.869141
2018-01-08,8304,1,0,25283.0
2018-01-09,8305,1,0,25385.800781
2018-01-10,8306,1,0,25369.130859
2018-01-11,8307,1,1,25574.730469
2018-01-12,8308,1,1,25803.189453
2018-01-16,8309,1,0,25792.859375
2018-01-17,8310,1,1,26115.650391
2018-01-18,8311,1,0,26017.810547
2018-01-19,8312,1,1,26071.720703
2018-01-22,8313,1,1,26214.599609
2018-01-23,8314,0,1,26210.810547
2018-01-24,8315,0,1,26252.119141
2018-01-25,8316,0,1,26392.789063
2018-01-26,8317,0,1,26616.710938
2018-01-29,8318,0,0,26439.480469
2018-01-30,8319,0,1,26076.890625
2018-01-31,8320,0,1,26149.390625
2018-02-01,8321,0,0,26186.710938
2018-02-02,8322,0,1,25520.960938
2018-02-05,8323,1,1,24345.75
2018-02-06,8324,0,1,24912.769531
2018-02-07,8325,1,0,24893.349609
2018-02-08,8326,1,0,23860.460938
2018-02-09,8327,1,0,24190.900391
2018-02-12,8328,1,1,24601.269531
2018-02-13,8329,1,0,24640.449219
2018-02-14,8330,1,0,24893.490234
2018-02-15,8331,1,0,25200.369141
2018-02-16,8332,1,0,25219.380859
2018-02-20,8333,1,1,24964.75
2018-02-21,8334,1,1,24797.779297
2018-02-22,8335,0,1,24962.480469
2018-02-23,8336,0,1,25309.990234
2018-02-26,8337,0,1,25709.269531
2018-02-27,8338,0,1,25410.029297
2018-02-28,8339,0,0,25029.199219
2018-03-01,8340,1,0,24608.980469
2018-03-02,8341,1,0,24538.060547
2018-03-05,8342,1,0,24874.759766
2018-03-06,8343,1,1,24884.119141
2018-03-07,8344,0,1,24801.359375
2018-03-08,8345,0,0,24895.210938
2018-03-09,8346,0,1,25335.740234
2018-03-12,8347,0,0,25178.609375
2018-03-13,8348,0,1,25007.029297
2018-03-14,8349,0,1,24758.119141
2018-03-15,8350,0,0,24873.660156
2018-03-16,8351,0,1,24946.509766
2018-03-19,8352,0,1,24610.910156
2018-03-20,8353,0,1,24727.269531
2018-03-21,8354,0,1,24682.310547
2018-03-22,8355,1,1,23957.890625
2018-03-23,8356,1,1,23533.199219
2018-03-26,8357,0,1,24202.599609
2018-03-27,8358,1,0,23857.710938
2018-03-28,8359,1,0,23848.419922
2018-03-29,8360,0,0,24103.109375
2018-04-02,8361,1,0,23644.189453
2018-04-03,8362,1,1,24033.359375
2018-04-04,8363,0,0,24264.300781
2018-04-05,8364,0,0,24505.220703
2018-04-06,8365,1,0,23932.759766
2018-04-09,8366,1,0,23979.099609
2018-04-10,8367,1,0,24408.0
2018-04-11,8368,1,0,24189.449219
2018-04-12,8369,1,0,24483.050781
2018-04-13,8370,1,0,24360.140625
2018-04-16,8371,0,0,24573.039063
2018-04-17,8372,0,0,24786.630859
